DATE EVENT;X;Y;EVENT;VALUE1;VALUE2;CELL_ID;COMMENT;date ajout;resp. ajout;;;;;;;;;;
01/01/2021;0;0;current;;;;0;07/10/2024;JLF;;01/01/2021;0;0;compute_energy;;;;0;03/04/2025
10/01/2021;0;0;compute_energy;;;;0;03/04/2025;JLF;;01/04/2021;0;0;compute_energy;;;;1;03/04/2025
01/02/2021;0;0;current;;;;0;07/10/2024;JLF;;01/07/2021;0;0;compute_energy;;;;2;03/04/2025
01/03/2021;0;0;current;;;;0;07/10/2024;JLF;;01/10/2021;0;0;compute_energy;;;;3;03/04/2025
01/04/2021;0;0;current;;;;0;07/10/2024;JLF;;01/01/2022;0;0;compute_energy;;;;4;03/04/2025
01/04/2021;0;0;compute_energy;;;;1;03/04/2025;JLF;;01/04/2022;0;0;compute_energy;;;;5;03/04/2025
01/05/2021;0;0;current;;;;0;07/10/2024;JLF;;01/07/2022;0;0;compute_energy;;;;6;03/04/2025
01/06/2021;0;0;current;;;;0;07/10/2024;JLF;;01/10/2022;0;0;compute_energy;;;;7;03/04/2025
01/07/2021;0;0;current;;;;0;07/10/2024;JLF;;01/01/2023;0;0;compute_energy;;;;8;03/04/2025
01/07/2021;0;0;compute_energy;;;;2;03/04/2025;JLF;;01/04/2023;0;0;compute_energy;;;;9;03/04/2025
01/08/2021;0;0;current;;;;0;07/10/2024;JLF;;01/07/2023;0;0;compute_energy;;;;10;03/04/2025
01/09/2021;0;0;current;;;;0;07/10/2024;JLF;;01/10/2023;0;0;compute_energy;;;;11;03/04/2025
01/10/2021;0;0;current;;;;0;07/10/2024;JLF;;01/01/2024;0;0;compute_energy;;;;12;03/04/2025
01/10/2021;0;0;compute_energy;;;;3;03/04/2025;JLF;;01/04/2024;0;0;compute_energy;;;;13;03/04/2025
01/11/2021;0;0;current;;;;0;07/10/2024;JLF;;01/07/2024;0;0;compute_energy;;;;14;03/04/2025
01/12/2021;0;0;current;;;;0;07/10/2024;JLF;;01/10/2024;0;0;compute_energy;;;;15;03/04/2025
01/01/2022;0;0;current;;;;0;07/10/2024;JLF;;01/01/2025;0;0;compute_energy;;;;16;03/04/2025
01/01/2022;0;0;compute_energy;;;;4;03/04/2025;JLF;;01/04/2025;0;0;compute_energy;;;;17;03/04/2025
01/02/2022;0;0;current;;;;0;07/10/2024;JLF;;01/07/2025;0;0;compute_energy;;;;18;03/04/2025
01/03/2022;0;0;current;;;;0;07/10/2024;JLF;;01/10/2025;0;0;compute_energy;;;;19;03/04/2025
01/04/2022;0;0;current;;;;0;07/10/2024;JLF;;01/01/2026;0;0;compute_energy;;;;20;03/04/2025
01/04/2022;0;0;compute_energy;;;;5;03/04/2025;JLF;;01/04/2026;0;0;compute_energy;;;;21;03/04/2025
01/05/2022;0;0;current;;;;0;07/10/2024;JLF;;01/07/2026;0;0;compute_energy;;;;22;03/04/2025
01/06/2022;0;0;current;;;;0;07/10/2024;JLF;;01/10/2026;0;0;compute_energy;;;;23;03/04/2025
01/07/2022;0;0;current;;;;0;07/10/2024;JLF;;01/01/2027;0;0;compute_energy;;;;24;03/04/2025
01/07/2022;0;0;compute_energy;;;;6;03/04/2025;JLF;;01/04/2027;0;0;compute_energy;;;;25;03/04/2025
01/08/2022;0;0;current;;;;0;07/10/2024;JLF;;01/07/2027;0;0;compute_energy;;;;26;03/04/2025
01/09/2022;0;0;current;;;;0;07/10/2024;JLF;;01/10/2027;0;0;compute_energy;;;;27;03/04/2025
01/10/2022;0;0;current;;;;0;07/10/2024;JLF;;01/01/2028;0;0;compute_energy;;;;28;03/04/2025
01/10/2022;0;0;compute_energy;;;;7;03/04/2025;JLF;;01/04/2028;0;0;compute_energy;;;;29;03/04/2025
01/11/2022;0;0;current;;;;0;07/10/2024;JLF;;01/07/2028;0;0;compute_energy;;;;30;03/04/2025
01/12/2022;0;0;current;;;;0;07/10/2024;JLF;;01/10/2028;0;0;compute_energy;;;;31;03/04/2025
01/01/2023;0;0;current;;;;0;07/10/2024;JLF;;01/01/2029;0;0;compute_energy;;;;32;03/04/2025
01/01/2023;0;0;compute_energy;;;;8;03/04/2025;JLF;;01/04/2029;0;0;compute_energy;;;;33;03/04/2025
01/02/2023;0;0;current;;;;0;07/10/2024;JLF;;01/07/2029;0;0;compute_energy;;;;34;03/04/2025
01/03/2023;0;0;current;;;;0;07/10/2024;JLF;;01/10/2029;0;0;compute_energy;;;;35;03/04/2025
01/04/2023;0;0;current;;;;0;07/10/2024;JLF;;01/01/2030;0;0;compute_energy;;;;36;03/04/2025
01/04/2023;0;0;compute_energy;;;;9;03/04/2025;JLF;;01/04/2030;0;0;compute_energy;;;;37;03/04/2025
01/05/2023;0;0;current;;;;0;07/10/2024;JLF;;01/07/2030;0;0;compute_energy;;;;38;03/04/2025
01/06/2023;0;0;current;;;;0;07/10/2024;JLF;;01/10/2030;0;0;compute_energy;;;;39;03/04/2025
01/07/2023;0;0;current;;;;0;07/10/2024;JLF;;01/01/2031;0;0;compute_energy;;;;40;03/04/2025
01/07/2023;0;0;compute_energy;;;;10;03/04/2025;JLF;;01/04/2031;0;0;compute_energy;;;;41;03/04/2025
01/08/2023;0;0;current;;;;0;07/10/2024;JLF;;01/07/2031;0;0;compute_energy;;;;42;03/04/2025
01/09/2023;0;0;current;;;;0;07/10/2024;JLF;;01/10/2031;0;0;compute_energy;;;;43;03/04/2025
01/10/2023;0;0;current;;;;0;07/10/2024;JLF;;01/01/2032;0;0;compute_energy;;;;44;03/04/2025
01/10/2023;0;0;compute_energy;;;;11;03/04/2025;JLF;;01/04/2032;0;0;compute_energy;;;;45;03/04/2025
01/11/2023;0;0;current;;;;0;07/10/2024;JLF;;01/07/2032;0;0;compute_energy;;;;46;03/04/2025
01/12/2023;0;0;current;;;;0;07/10/2024;JLF;;01/10/2032;0;0;compute_energy;;;;47;03/04/2025
01/01/2024;0;0;current;;;;0;07/10/2024;JLF;;01/01/2033;0;0;compute_energy;;;;48;03/04/2025
01/01/2024;0;0;compute_energy;;;;12;03/04/2025;JLF;;01/04/2033;0;0;compute_energy;;;;49;03/04/2025
01/02/2024;0;0;current;;;;0;07/10/2024;JLF;;01/07/2033;0;0;compute_energy;;;;50;03/04/2025
01/03/2024;0;0;current;;;;0;07/10/2024;JLF;;01/10/2033;0;0;compute_energy;;;;51;03/04/2025
01/04/2024;0;0;current;;;;0;07/10/2024;JLF;;01/01/2034;0;0;compute_energy;;;;52;03/04/2025
01/04/2024;0;0;compute_energy;;;;13;03/04/2025;JLF;;01/04/2034;0;0;compute_energy;;;;53;03/04/2025
01/05/2024;0;0;current;;;;0;07/10/2024;JLF;;01/07/2034;0;0;compute_energy;;;;54;03/04/2025
01/06/2024;0;0;current;;;;0;07/10/2024;JLF;;01/10/2034;0;0;compute_energy;;;;55;03/04/2025
01/07/2024;0;0;current;;;;0;07/10/2024;JLF;;01/01/2035;0;0;compute_energy;;;;56;03/04/2025
01/07/2024;0;0;compute_energy;;;;14;03/04/2025;JLF;;01/04/2035;0;0;compute_energy;;;;57;03/04/2025
01/08/2024;0;0;current;;;;0;07/10/2024;JLF;;01/07/2035;0;0;compute_energy;;;;58;03/04/2025
01/09/2024;0;0;current;;;;0;07/10/2024;JLF;;01/10/2035;0;0;compute_energy;;;;59;03/04/2025
01/10/2024;0;0;current;;;;0;07/10/2024;JLF;;01/01/2036;0;0;compute_energy;;;;60;03/04/2025
01/10/2024;0;0;compute_energy;;;;15;03/04/2025;JLF;;01/04/2036;0;0;compute_energy;;;;61;03/04/2025
01/11/2024;0;0;current;;;;0;07/10/2024;JLF;;01/07/2036;0;0;compute_energy;;;;62;03/04/2025
01/12/2024;0;0;current;;;;0;07/10/2024;JLF;;01/10/2036;0;0;compute_energy;;;;63;03/04/2025
01/01/2025;0;0;current;;;;0;07/10/2024;JLF;;01/01/2037;0;0;compute_energy;;;;64;03/04/2025
01/01/2025;0;0;compute_energy;;;;16;03/04/2025;JLF;;01/04/2037;0;0;compute_energy;;;;65;03/04/2025
01/02/2025;0;0;current;;;;0;07/10/2024;JLF;;01/07/2037;0;0;compute_energy;;;;66;03/04/2025
01/03/2025;0;0;current;;;;0;07/10/2024;JLF;;01/10/2037;0;0;compute_energy;;;;67;03/04/2025
01/04/2025;0;0;current;;;;0;07/10/2024;JLF;;01/01/2038;0;0;compute_energy;;;;68;03/04/2025
01/04/2025;0;0;compute_energy;;;;17;03/04/2025;JLF;;01/04/2038;0;0;compute_energy;;;;69;03/04/2025
01/05/2025;0;0;current;;;;0;07/10/2024;JLF;;01/07/2038;0;0;compute_energy;;;;70;03/04/2025
01/06/2025;0;0;current;;;;0;07/10/2024;JLF;;01/10/2038;0;0;compute_energy;;;;71;03/04/2025
01/07/2025;0;0;current;;;;0;07/10/2024;JLF;;01/01/2039;0;0;compute_energy;;;;72;03/04/2025
01/07/2025;0;0;compute_energy;;;;18;03/04/2025;JLF;;01/04/2039;0;0;compute_energy;;;;73;03/04/2025
01/08/2025;0;0;current;;;;0;07/10/2024;JLF;;01/07/2039;0;0;compute_energy;;;;74;03/04/2025
01/09/2025;0;0;current;;;;0;07/10/2024;JLF;;01/10/2039;0;0;compute_energy;;;;75;03/04/2025
01/10/2025;0;0;current;;;;0;07/10/2024;JLF;;01/01/2040;0;0;compute_energy;;;;76;03/04/2025
01/10/2025;0;0;compute_energy;;;;19;03/04/2025;JLF;;01/04/2040;0;0;compute_energy;;;;77;03/04/2025
01/11/2025;0;0;current;;;;0;07/10/2024;JLF;;01/07/2040;0;0;compute_energy;;;;78;03/04/2025
01/12/2025;0;0;current;;;;0;07/10/2024;JLF;;01/10/2040;0;0;compute_energy;;;;79;03/04/2025
01/01/2026;0;0;current;;;;0;07/10/2024;JLF;;01/01/2041;0;0;compute_energy;;;;80;03/04/2025
01/01/2026;0;0;compute_energy;;;;20;03/04/2025;JLF;;01/04/2041;0;0;compute_energy;;;;81;03/04/2025
01/02/2026;0;0;current;;;;0;07/10/2024;JLF;;01/07/2041;0;0;compute_energy;;;;82;03/04/2025
01/03/2026;0;0;current;;;;0;07/10/2024;JLF;;01/10/2041;0;0;compute_energy;;;;83;03/04/2025
01/04/2026;0;0;current;;;;0;07/10/2024;JLF;;01/01/2042;0;0;compute_energy;;;;84;03/04/2025
01/04/2026;0;0;compute_energy;;;;21;03/04/2025;JLF;;01/04/2042;0;0;compute_energy;;;;85;03/04/2025
01/05/2026;0;0;current;;;;0;07/10/2024;JLF;;01/07/2042;0;0;compute_energy;;;;86;03/04/2025
01/06/2026;0;0;current;;;;0;07/10/2024;JLF;;01/10/2042;0;0;compute_energy;;;;87;03/04/2025
01/07/2026;0;0;current;;;;1;07/10/2024;JLF;;01/01/2043;0;0;compute_energy;;;;88;03/04/2025
01/07/2026;0;0;compute_energy;;;;22;03/04/2025;JLF;;01/04/2043;0;0;compute_energy;;;;89;03/04/2025
01/08/2026;0;0;current;;;;2;07/10/2024;JLF;;01/07/2043;0;0;compute_energy;;;;90;03/04/2025
01/09/2026;0;0;current;;;;3;07/10/2024;JLF;;01/10/2043;0;0;compute_energy;;;;91;03/04/2025
01/10/2026;0;0;current;;;;4;07/10/2024;JLF;;01/01/2044;0;0;compute_energy;;;;92;03/04/2025
01/10/2026;0;0;compute_energy;;;;23;03/04/2025;JLF;;01/04/2044;0;0;compute_energy;;;;93;03/04/2025
01/11/2026;0;0;current;;;;5;07/10/2024;JLF;;01/07/2044;0;0;compute_energy;;;;94;03/04/2025
01/12/2026;0;0;current;;;;6;07/10/2024;JLF;;01/10/2044;0;0;compute_energy;;;;95;03/04/2025
01/01/2027;0;0;current;;;;7;24/10/2024;JLF;;01/01/2045;0;0;compute_energy;;;;96;03/04/2025
01/01/2027;0;0;compute_energy;;;;24;03/04/2025;JLF;;01/04/2045;0;0;compute_energy;;;;97;03/04/2025
01/02/2027;0;0;current;;;;8;24/10/2024;JLF;;01/07/2045;0;0;compute_energy;;;;98;03/04/2025
01/03/2027;0;0;current;;;;9;24/10/2024;JLF;;01/10/2045;0;0;compute_energy;;;;99;03/04/2025
01/04/2027;0;0;current;;;;10;24/10/2024;JLF;;01/01/2046;0;0;compute_energy;;;;100;03/04/2025
01/04/2027;0;0;compute_energy;;;;25;03/04/2025;JLF;;01/04/2046;0;0;compute_energy;;;;101;03/04/2025
01/05/2027;0;0;current;;;;11;24/10/2024;JLF;;01/07/2046;0;0;compute_energy;;;;102;03/04/2025
01/06/2027;0;0;current;;;;12;24/10/2024;JLF;;01/10/2046;0;0;compute_energy;;;;103;03/04/2025
01/07/2027;0;0;current;;;;13;24/10/2024;JLF;;01/01/2047;0;0;compute_energy;;;;104;03/04/2025
01/07/2027;0;0;compute_energy;;;;26;03/04/2025;JLF;;01/04/2047;0;0;compute_energy;;;;105;03/04/2025
01/08/2027;0;0;current;;;;14;24/10/2024;JLF;;01/07/2047;0;0;compute_energy;;;;106;03/04/2025
01/09/2027;0;0;current;;;;15;24/10/2024;JLF;;01/10/2047;0;0;compute_energy;;;;107;03/04/2025
01/10/2027;0;0;current;;;;16;24/10/2024;JLF;;01/01/2048;0;0;compute_energy;;;;108;03/04/2025
01/10/2027;0;0;compute_energy;;;;27;03/04/2025;JLF;;01/04/2048;0;0;compute_energy;;;;109;03/04/2025
01/11/2027;0;0;current;;;;17;24/10/2024;JLF;;01/07/2048;0;0;compute_energy;;;;110;03/04/2025
01/12/2027;0;0;current;;;;18;24/10/2024;JLF;;01/10/2048;0;0;compute_energy;;;;111;03/04/2025
01/01/2028;0;0;current;;;;19;24/10/2024;JLF;;01/01/2049;0;0;compute_energy;;;;112;03/04/2025
01/01/2028;0;0;compute_energy;;;;28;03/04/2025;JLF;;01/04/2049;0;0;compute_energy;;;;113;03/04/2025
01/02/2028;0;0;current;;;;20;24/10/2024;JLF;;01/07/2049;0;0;compute_energy;;;;114;03/04/2025
01/03/2028;0;0;current;;;;21;24/10/2024;JLF;;01/10/2049;0;0;compute_energy;;;;115;03/04/2025
01/04/2028;0;0;current;;;;22;24/10/2024;JLF;;01/01/2050;0;0;compute_energy;;;;116;03/04/2025
01/04/2028;0;0;compute_energy;;;;29;03/04/2025;JLF;;01/04/2050;0;0;compute_energy;;;;117;03/04/2025
01/05/2028;0;0;current;;;;23;24/10/2024;JLF;;01/07/2050;0;0;compute_energy;;;;118;03/04/2025
01/06/2028;0;0;current;;;;24;24/10/2024;JLF;;01/10/2050;0;0;compute_energy;;;;119;03/04/2025
01/07/2028;0;0;current;;;;25;24/10/2024;JLF;;01/01/2051;0;0;compute_energy;;;;120;03/04/2025
01/07/2028;0;0;compute_energy;;;;30;03/04/2025;JLF;;01/04/2051;0;0;compute_energy;;;;121;03/04/2025
01/08/2028;0;0;current;;;;26;24/10/2024;JLF;;01/07/2051;0;0;compute_energy;;;;122;03/04/2025
01/09/2028;0;0;current;;;;27;24/10/2024;JLF;;01/10/2051;0;0;compute_energy;;;;123;03/04/2025
01/10/2028;0;0;current;;;;28;24/10/2024;JLF;;01/01/2052;0;0;compute_energy;;;;124;03/04/2025
01/10/2028;0;0;compute_energy;;;;31;03/04/2025;JLF;;01/04/2052;0;0;compute_energy;;;;125;03/04/2025
01/11/2028;0;0;current;;;;29;24/10/2024;JLF;;01/07/2052;0;0;compute_energy;;;;126;03/04/2025
01/12/2028;0;0;current;;;;30;24/10/2024;JLF;;01/10/2052;0;0;compute_energy;;;;127;03/04/2025
01/01/2029;0;0;current;;;;31;24/10/2024;JLF;;01/01/2053;0;0;compute_energy;;;;128;03/04/2025
01/01/2029;0;0;compute_energy;;;;32;03/04/2025;JLF;;01/04/2053;0;0;compute_energy;;;;129;03/04/2025
01/02/2029;0;0;current;;;;32;24/10/2024;JLF;;01/07/2053;0;0;compute_energy;;;;130;03/04/2025
01/03/2029;0;0;current;;;;33;24/10/2024;JLF;;01/10/2053;0;0;compute_energy;;;;131;03/04/2025
01/04/2029;0;0;current;;;;34;24/10/2024;JLF;;01/01/2054;0;0;compute_energy;;;;132;03/04/2025
01/04/2029;0;0;compute_energy;;;;33;03/04/2025;JLF;;01/04/2054;0;0;compute_energy;;;;133;03/04/2025
01/05/2029;0;0;current;;;;35;24/10/2024;JLF;;01/07/2054;0;0;compute_energy;;;;134;03/04/2025
01/06/2029;0;0;current;;;;36;24/10/2024;JLF;;01/10/2054;0;0;compute_energy;;;;135;03/04/2025
01/07/2029;0;0;current;;;;37;24/10/2024;JLF;;01/01/2055;0;0;compute_energy;;;;136;03/04/2025
01/07/2029;0;0;compute_energy;;;;34;03/04/2025;JLF;;01/04/2055;0;0;compute_energy;;;;137;03/04/2025
01/08/2029;0;0;current;;;;38;24/10/2024;JLF;;01/07/2055;0;0;compute_energy;;;;138;03/04/2025
01/09/2029;0;0;current;;;;39;24/10/2024;JLF;;01/10/2055;0;0;compute_energy;;;;139;03/04/2025
01/10/2029;0;0;current;;;;40;24/10/2024;JLF;;01/01/2056;0;0;compute_energy;;;;140;03/04/2025
01/10/2029;0;0;compute_energy;;;;35;03/04/2025;JLF;;01/04/2056;0;0;compute_energy;;;;141;03/04/2025
01/11/2029;0;0;current;;;;41;24/10/2024;JLF;;01/07/2056;0;0;compute_energy;;;;142;03/04/2025
01/12/2029;0;0;current;;;;42;24/10/2024;JLF;;01/10/2056;0;0;compute_energy;;;;143;03/04/2025
01/01/2030;0;0;current;;;;43;24/10/2024;JLF;;01/01/2057;0;0;compute_energy;;;;144;03/04/2025
01/01/2030;0;0;compute_energy;;;;36;03/04/2025;JLF;;01/04/2057;0;0;compute_energy;;;;145;03/04/2025
01/02/2030;0;0;current;;;;44;24/10/2024;JLF;;01/07/2057;0;0;compute_energy;;;;146;03/04/2025
01/03/2030;0;0;current;;;;45;24/10/2024;JLF;;01/10/2057;0;0;compute_energy;;;;147;03/04/2025
01/04/2030;0;0;current;;;;46;24/10/2024;JLF;;01/01/2058;0;0;compute_energy;;;;148;03/04/2025
01/04/2030;0;0;compute_energy;;;;37;03/04/2025;JLF;;01/04/2058;0;0;compute_energy;;;;149;03/04/2025
01/05/2030;0;0;current;;;;47;24/10/2024;JLF;;01/07/2058;0;0;compute_energy;;;;150;03/04/2025
01/06/2030;0;0;current;;;;48;24/10/2024;JLF;;01/10/2058;0;0;compute_energy;;;;151;03/04/2025
01/07/2030;0;0;current;;;;49;24/10/2024;JLF;;01/01/2059;0;0;compute_energy;;;;152;03/04/2025
01/07/2030;0;0;compute_energy;;;;38;03/04/2025;JLF;;01/04/2059;0;0;compute_energy;;;;153;03/04/2025
01/08/2030;0;0;current;;;;50;24/10/2024;JLF;;01/07/2059;0;0;compute_energy;;;;154;03/04/2025
01/09/2030;0;0;current;;;;51;24/10/2024;JLF;;01/10/2059;0;0;compute_energy;;;;155;03/04/2025
01/10/2030;0;0;current;;;;52;24/10/2024;JLF;;01/01/2060;0;0;compute_energy;;;;156;03/04/2025
01/10/2030;0;0;compute_energy;;;;39;03/04/2025;JLF;;01/04/2060;0;0;compute_energy;;;;157;03/04/2025
01/11/2030;0;0;current;;;;53;24/10/2024;JLF;;01/07/2060;0;0;compute_energy;;;;158;03/04/2025
01/12/2030;0;0;current;;;;54;24/10/2024;JLF;;01/10/2060;0;0;compute_energy;;;;159;03/04/2025
01/01/2031;0;0;current;;;;55;24/10/2024;JLF;;01/01/2061;0;0;compute_energy;;;;160;03/04/2025
01/01/2031;0;0;compute_energy;;;;40;03/04/2025;JLF;;01/04/2061;0;0;compute_energy;;;;161;03/04/2025
01/02/2031;0;0;current;;;;56;24/10/2024;JLF;;01/07/2061;0;0;compute_energy;;;;162;03/04/2025
01/03/2031;0;0;current;;;;57;24/10/2024;JLF;;01/10/2061;0;0;compute_energy;;;;163;03/04/2025
01/04/2031;0;0;current;;;;58;24/10/2024;JLF;;01/01/2062;0;0;compute_energy;;;;164;03/04/2025
01/04/2031;0;0;compute_energy;;;;41;03/04/2025;JLF;;01/04/2062;0;0;compute_energy;;;;165;03/04/2025
01/05/2031;0;0;current;;;;59;24/10/2024;JLF;;01/07/2062;0;0;compute_energy;;;;166;03/04/2025
01/06/2031;0;0;current;;;;60;24/10/2024;JLF;;01/10/2062;0;0;compute_energy;;;;167;03/04/2025
01/07/2031;0;0;current;;;;61;24/10/2024;JLF;;01/01/2063;0;0;compute_energy;;;;168;03/04/2025
01/07/2031;0;0;compute_energy;;;;42;03/04/2025;JLF;;01/04/2063;0;0;compute_energy;;;;169;03/04/2025
01/08/2031;0;0;current;;;;62;24/10/2024;JLF;;01/07/2063;0;0;compute_energy;;;;170;03/04/2025
01/09/2031;0;0;current;;;;63;24/10/2024;JLF;;01/10/2063;0;0;compute_energy;;;;171;03/04/2025
01/10/2031;0;0;current;;;;64;24/10/2024;JLF;;01/01/2064;0;0;compute_energy;;;;172;03/04/2025
01/10/2031;0;0;compute_energy;;;;43;03/04/2025;JLF;;01/04/2064;0;0;compute_energy;;;;173;03/04/2025
01/11/2031;0;0;current;;;;65;24/10/2024;JLF;;01/07/2064;0;0;compute_energy;;;;174;03/04/2025
01/12/2031;0;0;current;;;;66;24/10/2024;JLF;;01/10/2064;0;0;compute_energy;;;;175;03/04/2025
01/01/2032;0;0;current;;;;67;24/10/2024;JLF;;01/01/2065;0;0;compute_energy;;;;176;03/04/2025
01/01/2032;0;0;compute_energy;;;;44;03/04/2025;JLF;;01/04/2065;0;0;compute_energy;;;;177;03/04/2025
01/02/2032;0;0;current;;;;68;24/10/2024;JLF;;01/07/2065;0;0;compute_energy;;;;178;03/04/2025
01/03/2032;0;0;current;;;;69;24/10/2024;JLF;;01/10/2065;0;0;compute_energy;;;;179;03/04/2025
01/04/2032;0;0;current;;;;70;24/10/2024;JLF;;01/01/2066;0;0;compute_energy;;;;180;03/04/2025
01/04/2032;0;0;compute_energy;;;;45;03/04/2025;JLF;;01/04/2066;0;0;compute_energy;;;;181;03/04/2025
01/05/2032;0;0;current;;;;71;24/10/2024;JLF;;01/07/2066;0;0;compute_energy;;;;182;03/04/2025
01/06/2032;0;0;current;;;;72;24/10/2024;JLF;;01/10/2066;0;0;compute_energy;;;;183;03/04/2025
01/07/2032;0;0;current;;;;73;24/10/2024;JLF;;01/01/2067;0;0;compute_energy;;;;184;03/04/2025
01/07/2032;0;0;compute_energy;;;;46;03/04/2025;JLF;;01/04/2067;0;0;compute_energy;;;;185;03/04/2025
01/08/2032;0;0;current;;;;74;24/10/2024;JLF;;01/07/2067;0;0;compute_energy;;;;186;03/04/2025
01/09/2032;0;0;current;;;;75;24/10/2024;JLF;;01/10/2067;0;0;compute_energy;;;;187;03/04/2025
01/10/2032;0;0;current;;;;76;24/10/2024;JLF;;01/01/2068;0;0;compute_energy;;;;188;03/04/2025
01/10/2032;0;0;compute_energy;;;;47;03/04/2025;JLF;;01/04/2068;0;0;compute_energy;;;;189;03/04/2025
01/11/2032;0;0;current;;;;77;24/10/2024;JLF;;01/07/2068;0;0;compute_energy;;;;190;03/04/2025
01/12/2032;0;0;current;;;;78;24/10/2024;JLF;;01/10/2068;0;0;compute_energy;;;;191;03/04/2025
01/01/2033;0;0;current;;;;79;24/10/2024;JLF;;;;;;;;;;
01/01/2033;0;0;compute_energy;;;;48;03/04/2025;JLF;;;;;;;;;;
01/02/2033;0;0;current;;;;80;24/10/2024;JLF;;;;;;;;;;
01/03/2033;0;0;current;;;;81;24/10/2024;JLF;;;;;;;;;;
01/04/2033;0;0;current;;;;82;24/10/2024;JLF;;;;;;;;;;
01/04/2033;0;0;compute_energy;;;;49;03/04/2025;JLF;;;;;;;;;;
01/05/2033;0;0;current;;;;83;24/10/2024;JLF;;;;;;;;;;
01/06/2033;0;0;current;;;;84;24/10/2024;JLF;;;;;;;;;;
01/07/2033;0;0;current;;;;85;24/10/2024;JLF;;;;;;;;;;
01/07/2033;0;0;compute_energy;;;;50;03/04/2025;JLF;;;;;;;;;;
01/08/2033;0;0;current;;;;86;24/10/2024;JLF;;;;;;;;;;
01/09/2033;0;0;current;;;;87;24/10/2024;JLF;;;;;;;;;;
01/10/2033;0;0;current;;;;88;24/10/2024;JLF;;;;;;;;;;
01/10/2033;0;0;compute_energy;;;;51;03/04/2025;JLF;;;;;;;;;;
01/11/2033;0;0;current;;;;89;24/10/2024;JLF;;;;;;;;;;
01/12/2033;0;0;current;;;;90;24/10/2024;JLF;;;;;;;;;;
01/01/2034;0;0;current;;;;91;24/10/2024;JLF;;;;;;;;;;
01/01/2034;0;0;compute_energy;;;;52;03/04/2025;JLF;;;;;;;;;;
01/02/2034;0;0;current;;;;92;24/10/2024;JLF;;;;;;;;;;
01/03/2034;0;0;current;;;;93;24/10/2024;JLF;;;;;;;;;;
01/04/2034;0;0;current;;;;94;24/10/2024;JLF;;;;;;;;;;
01/04/2034;0;0;compute_energy;;;;53;03/04/2025;JLF;;;;;;;;;;
01/05/2034;0;0;current;;;;95;24/10/2024;JLF;;;;;;;;;;
01/06/2034;0;0;current;;;;96;24/10/2024;JLF;;;;;;;;;;
01/07/2034;0;0;current;;;;97;24/10/2024;JLF;;;;;;;;;;
01/07/2034;0;0;compute_energy;;;;54;03/04/2025;JLF;;;;;;;;;;
01/08/2034;0;0;current;;;;98;24/10/2024;JLF;;;;;;;;;;
01/09/2034;0;0;current;;;;99;24/10/2024;JLF;;;;;;;;;;
01/10/2034;0;0;current;;;;100;24/10/2024;JLF;;;;;;;;;;
01/10/2034;0;0;compute_energy;;;;55;03/04/2025;JLF;;;;;;;;;;
01/11/2034;0;0;current;;;;101;24/10/2024;JLF;;;;;;;;;;
01/12/2034;0;0;current;;;;102;24/10/2024;JLF;;;;;;;;;;
01/01/2035;0;0;current;;;;103;24/10/2024;JLF;;;;;;;;;;
01/01/2035;0;0;compute_energy;;;;56;03/04/2025;JLF;;;;;;;;;;
01/02/2035;0;0;current;;;;104;24/10/2024;JLF;;;;;;;;;;
01/03/2035;0;0;current;;;;105;24/10/2024;JLF;;;;;;;;;;
01/04/2035;0;0;current;;;;106;24/10/2024;JLF;;;;;;;;;;
01/04/2035;0;0;compute_energy;;;;57;03/04/2025;JLF;;;;;;;;;;
01/05/2035;0;0;current;;;;107;24/10/2024;JLF;;;;;;;;;;
01/06/2035;0;0;current;;;;108;24/10/2024;JLF;;;;;;;;;;
01/07/2035;0;0;current;;;;109;24/10/2024;JLF;;;;;;;;;;
01/07/2035;0;0;compute_energy;;;;58;03/04/2025;JLF;;;;;;;;;;
01/08/2035;0;0;current;;;;110;24/10/2024;JLF;;;;;;;;;;
01/09/2035;0;0;current;;;;111;24/10/2024;JLF;;;;;;;;;;
01/10/2035;0;0;current;;;;112;24/10/2024;JLF;;;;;;;;;;
01/10/2035;0;0;compute_energy;;;;59;03/04/2025;JLF;;;;;;;;;;
01/11/2035;0;0;current;;;;113;24/10/2024;JLF;;;;;;;;;;
01/12/2035;0;0;current;;;;114;24/10/2024;JLF;;;;;;;;;;
01/01/2036;0;0;current;;;;115;24/10/2024;JLF;;;;;;;;;;
01/01/2036;0;0;compute_energy;;;;60;03/04/2025;JLF;;;;;;;;;;
01/02/2036;0;0;current;;;;116;24/10/2024;JLF;;;;;;;;;;
01/03/2036;0;0;current;;;;117;24/10/2024;JLF;;;;;;;;;;
01/04/2036;0;0;current;;;;118;24/10/2024;JLF;;;;;;;;;;
01/04/2036;0;0;compute_energy;;;;61;03/04/2025;JLF;;;;;;;;;;
01/05/2036;0;0;current;;;;119;24/10/2024;JLF;;;;;;;;;;
01/06/2036;0;0;current;;;;120;24/10/2024;JLF;;;;;;;;;;
01/07/2036;0;0;current;;;;121;24/10/2024;JLF;;;;;;;;;;
01/07/2036;0;0;compute_energy;;;;62;03/04/2025;JLF;;;;;;;;;;
01/08/2036;0;0;current;;;;122;24/10/2024;JLF;;;;;;;;;;
01/09/2036;0;0;current;;;;123;24/10/2024;JLF;;;;;;;;;;
01/10/2036;0;0;current;;;;124;24/10/2024;JLF;;;;;;;;;;
01/10/2036;0;0;compute_energy;;;;63;03/04/2025;JLF;;;;;;;;;;
01/11/2036;0;0;current;;;;125;24/10/2024;JLF;;;;;;;;;;
01/12/2036;0;0;current;;;;126;24/10/2024;JLF;;;;;;;;;;
01/01/2037;0;0;current;;;;127;24/10/2024;JLF;;;;;;;;;;
01/01/2037;0;0;compute_energy;;;;64;03/04/2025;JLF;;;;;;;;;;
01/02/2037;0;0;current;;;;128;24/10/2024;JLF;;;;;;;;;;
01/03/2037;0;0;current;;;;129;24/10/2024;JLF;;;;;;;;;;
01/04/2037;0;0;current;;;;130;24/10/2024;JLF;;;;;;;;;;
01/04/2037;0;0;compute_energy;;;;65;03/04/2025;JLF;;;;;;;;;;
01/05/2037;0;0;current;;;;131;24/10/2024;JLF;;;;;;;;;;
01/06/2037;0;0;current;;;;132;24/10/2024;JLF;;;;;;;;;;
01/07/2037;0;0;current;;;;133;24/10/2024;JLF;;;;;;;;;;
01/07/2037;0;0;compute_energy;;;;66;03/04/2025;JLF;;;;;;;;;;
01/08/2037;0;0;current;;;;134;24/10/2024;JLF;;;;;;;;;;
01/09/2037;0;0;current;;;;135;24/10/2024;JLF;;;;;;;;;;
01/10/2037;0;0;current;;;;136;24/10/2024;JLF;;;;;;;;;;
01/10/2037;0;0;compute_energy;;;;67;03/04/2025;JLF;;;;;;;;;;
01/11/2037;0;0;current;;;;137;24/10/2024;JLF;;;;;;;;;;
01/12/2037;0;0;current;;;;138;24/10/2024;JLF;;;;;;;;;;
01/01/2038;0;0;current;;;;139;24/10/2024;JLF;;;;;;;;;;
01/01/2038;0;0;compute_energy;;;;68;03/04/2025;JLF;;;;;;;;;;
01/02/2038;0;0;current;;;;140;24/10/2024;JLF;;;;;;;;;;
01/03/2038;0;0;current;;;;141;24/10/2024;JLF;;;;;;;;;;
01/04/2038;0;0;current;;;;142;24/10/2024;JLF;;;;;;;;;;
01/04/2038;0;0;compute_energy;;;;69;03/04/2025;JLF;;;;;;;;;;
01/05/2038;0;0;current;;;;143;24/10/2024;JLF;;;;;;;;;;
01/06/2038;0;0;current;;;;144;24/10/2024;JLF;;;;;;;;;;
01/07/2038;0;0;current;;;;145;24/10/2024;JLF;;;;;;;;;;
01/07/2038;0;0;compute_energy;;;;70;03/04/2025;JLF;;;;;;;;;;
01/08/2038;0;0;current;;;;146;24/10/2024;JLF;;;;;;;;;;
01/09/2038;0;0;current;;;;147;24/10/2024;JLF;;;;;;;;;;
01/10/2038;0;0;current;;;;148;24/10/2024;JLF;;;;;;;;;;
01/10/2038;0;0;compute_energy;;;;71;03/04/2025;JLF;;;;;;;;;;
01/11/2038;0;0;current;;;;149;24/10/2024;JLF;;;;;;;;;;
01/12/2038;0;0;current;;;;150;24/10/2024;JLF;;;;;;;;;;
01/01/2039;0;0;current;;;;151;24/10/2024;JLF;;;;;;;;;;
01/01/2039;0;0;compute_energy;;;;72;03/04/2025;JLF;;;;;;;;;;
01/02/2039;0;0;current;;;;152;24/10/2024;JLF;;;;;;;;;;
01/03/2039;0;0;current;;;;153;24/10/2024;JLF;;;;;;;;;;
01/04/2039;0;0;current;;;;154;24/10/2024;JLF;;;;;;;;;;
01/04/2039;0;0;compute_energy;;;;73;03/04/2025;JLF;;;;;;;;;;
01/05/2039;0;0;current;;;;155;24/10/2024;JLF;;;;;;;;;;
01/06/2039;0;0;current;;;;156;24/10/2024;JLF;;;;;;;;;;
01/07/2039;0;0;current;;;;157;24/10/2024;JLF;;;;;;;;;;
01/07/2039;0;0;compute_energy;;;;74;03/04/2025;JLF;;;;;;;;;;
01/08/2039;0;0;current;;;;158;24/10/2024;JLF;;;;;;;;;;
01/09/2039;0;0;current;;;;159;24/10/2024;JLF;;;;;;;;;;
01/10/2039;0;0;current;;;;160;24/10/2024;JLF;;;;;;;;;;
01/10/2039;0;0;compute_energy;;;;75;03/04/2025;JLF;;;;;;;;;;
01/11/2039;0;0;current;;;;161;24/10/2024;JLF;;;;;;;;;;
01/12/2039;0;0;current;;;;162;24/10/2024;JLF;;;;;;;;;;
01/01/2040;0;0;current;;;;163;24/10/2024;JLF;;;;;;;;;;
01/01/2040;0;0;compute_energy;;;;76;03/04/2025;JLF;;;;;;;;;;
01/02/2040;0;0;current;;;;164;24/10/2024;JLF;;;;;;;;;;
01/03/2040;0;0;current;;;;165;24/10/2024;JLF;;;;;;;;;;
01/04/2040;0;0;current;;;;166;24/10/2024;JLF;;;;;;;;;;
01/04/2040;0;0;compute_energy;;;;77;03/04/2025;JLF;;;;;;;;;;
01/05/2040;0;0;current;;;;167;24/10/2024;JLF;;;;;;;;;;
01/06/2040;0;0;current;;;;168;24/10/2024;JLF;;;;;;;;;;
01/07/2040;0;0;current;;;;169;24/10/2024;JLF;;;;;;;;;;
01/07/2040;0;0;compute_energy;;;;78;03/04/2025;JLF;;;;;;;;;;
01/08/2040;0;0;current;;;;170;24/10/2024;JLF;;;;;;;;;;
01/09/2040;0;0;current;;;;171;24/10/2024;JLF;;;;;;;;;;
01/10/2040;0;0;current;;;;172;24/10/2024;JLF;;;;;;;;;;
01/10/2040;0;0;compute_energy;;;;79;03/04/2025;JLF;;;;;;;;;;
01/11/2040;0;0;current;;;;173;24/10/2024;JLF;;;;;;;;;;
01/12/2040;0;0;current;;;;174;24/10/2024;JLF;;;;;;;;;;
01/01/2041;0;0;current;;;;175;24/10/2024;JLF;;;;;;;;;;
01/01/2041;0;0;compute_energy;;;;80;03/04/2025;JLF;;;;;;;;;;
01/02/2041;0;0;current;;;;176;24/10/2024;JLF;;;;;;;;;;
01/03/2041;0;0;current;;;;177;24/10/2024;JLF;;;;;;;;;;
01/04/2041;0;0;current;;;;178;24/10/2024;JLF;;;;;;;;;;
01/04/2041;0;0;compute_energy;;;;81;03/04/2025;JLF;;;;;;;;;;
01/05/2041;0;0;current;;;;179;24/10/2024;JLF;;;;;;;;;;
01/06/2041;0;0;current;;;;180;24/10/2024;JLF;;;;;;;;;;
01/07/2041;0;0;current;;;;181;24/10/2024;JLF;;;;;;;;;;
01/07/2041;0;0;compute_energy;;;;82;03/04/2025;JLF;;;;;;;;;;
01/08/2041;0;0;current;;;;182;24/10/2024;JLF;;;;;;;;;;
01/09/2041;0;0;current;;;;183;24/10/2024;JLF;;;;;;;;;;
01/10/2041;0;0;current;;;;184;24/10/2024;JLF;;;;;;;;;;
01/10/2041;0;0;compute_energy;;;;83;03/04/2025;JLF;;;;;;;;;;
01/11/2041;0;0;current;;;;185;24/10/2024;JLF;;;;;;;;;;
01/12/2041;0;0;current;;;;186;24/10/2024;JLF;;;;;;;;;;
01/01/2042;0;0;current;;;;187;24/10/2024;JLF;;;;;;;;;;
01/01/2042;0;0;compute_energy;;;;84;03/04/2025;JLF;;;;;;;;;;
01/02/2042;0;0;current;;;;188;24/10/2024;JLF;;;;;;;;;;
01/03/2042;0;0;current;;;;189;24/10/2024;JLF;;;;;;;;;;
01/04/2042;0;0;current;;;;190;24/10/2024;JLF;;;;;;;;;;
01/04/2042;0;0;compute_energy;;;;85;03/04/2025;JLF;;;;;;;;;;
01/05/2042;0;0;current;;;;191;24/10/2024;JLF;;;;;;;;;;
01/06/2042;0;0;current;;;;192;24/10/2024;JLF;;;;;;;;;;
01/07/2042;0;0;current;;;;193;24/10/2024;JLF;;;;;;;;;;
01/07/2042;0;0;compute_energy;;;;86;03/04/2025;JLF;;;;;;;;;;
01/08/2042;0;0;current;;;;194;24/10/2024;JLF;;;;;;;;;;
01/09/2042;0;0;current;;;;195;24/10/2024;JLF;;;;;;;;;;
01/10/2042;0;0;current;;;;196;24/10/2024;JLF;;;;;;;;;;
01/10/2042;0;0;compute_energy;;;;87;03/04/2025;JLF;;;;;;;;;;
01/11/2042;0;0;current;;;;197;24/10/2024;JLF;;;;;;;;;;
01/12/2042;0;0;current;;;;198;24/10/2024;JLF;;;;;;;;;;
01/01/2043;0;0;current;;;;199;24/10/2024;JLF;;;;;;;;;;
01/01/2043;0;0;compute_energy;;;;88;03/04/2025;JLF;;;;;;;;;;
01/02/2043;0;0;current;;;;200;24/10/2024;JLF;;;;;;;;;;
01/03/2043;0;0;current;;;;201;24/10/2024;JLF;;;;;;;;;;
01/04/2043;0;0;current;;;;202;24/10/2024;JLF;;;;;;;;;;
01/04/2043;0;0;compute_energy;;;;89;03/04/2025;JLF;;;;;;;;;;
01/05/2043;0;0;current;;;;203;24/10/2024;JLF;;;;;;;;;;
01/06/2043;0;0;current;;;;204;24/10/2024;JLF;;;;;;;;;;
01/07/2043;0;0;current;;;;205;24/10/2024;JLF;;;;;;;;;;
01/07/2043;0;0;compute_energy;;;;90;03/04/2025;JLF;;;;;;;;;;
01/08/2043;0;0;current;;;;206;24/10/2024;JLF;;;;;;;;;;
01/09/2043;0;0;current;;;;207;24/10/2024;JLF;;;;;;;;;;
01/10/2043;0;0;current;;;;208;24/10/2024;JLF;;;;;;;;;;
01/10/2043;0;0;compute_energy;;;;91;03/04/2025;JLF;;;;;;;;;;
01/11/2043;0;0;current;;;;209;24/10/2024;JLF;;;;;;;;;;
01/12/2043;0;0;current;;;;210;24/10/2024;JLF;;;;;;;;;;
01/01/2044;0;0;current;;;;211;24/10/2024;JLF;;;;;;;;;;
01/01/2044;0;0;compute_energy;;;;92;03/04/2025;JLF;;;;;;;;;;
01/02/2044;0;0;current;;;;212;24/10/2024;JLF;;;;;;;;;;
01/03/2044;0;0;current;;;;213;24/10/2024;JLF;;;;;;;;;;
01/04/2044;0;0;current;;;;214;24/10/2024;JLF;;;;;;;;;;
01/04/2044;0;0;compute_energy;;;;93;03/04/2025;JLF;;;;;;;;;;
01/05/2044;0;0;current;;;;215;24/10/2024;JLF;;;;;;;;;;
01/06/2044;0;0;current;;;;216;24/10/2024;JLF;;;;;;;;;;
01/07/2044;0;0;current;;;;217;24/10/2024;JLF;;;;;;;;;;
01/07/2044;0;0;compute_energy;;;;94;03/04/2025;JLF;;;;;;;;;;
01/08/2044;0;0;current;;;;218;24/10/2024;JLF;;;;;;;;;;
01/09/2044;0;0;current;;;;219;24/10/2024;JLF;;;;;;;;;;
01/10/2044;0;0;current;;;;220;24/10/2024;JLF;;;;;;;;;;
01/10/2044;0;0;compute_energy;;;;95;03/04/2025;JLF;;;;;;;;;;
01/11/2044;0;0;current;;;;221;24/10/2024;JLF;;;;;;;;;;
01/12/2044;0;0;current;;;;222;24/10/2024;JLF;;;;;;;;;;
01/01/2045;0;0;current;;;;223;24/10/2024;JLF;;;;;;;;;;
01/01/2045;0;0;compute_energy;;;;96;03/04/2025;JLF;;;;;;;;;;
01/02/2045;0;0;current;;;;224;24/10/2024;JLF;;;;;;;;;;
01/03/2045;0;0;current;;;;225;24/10/2024;JLF;;;;;;;;;;
01/04/2045;0;0;current;;;;226;24/10/2024;JLF;;;;;;;;;;
01/04/2045;0;0;compute_energy;;;;97;03/04/2025;JLF;;;;;;;;;;
01/05/2045;0;0;current;;;;227;24/10/2024;JLF;;;;;;;;;;
01/06/2045;0;0;current;;;;228;24/10/2024;JLF;;;;;;;;;;
01/07/2045;0;0;current;;;;229;24/10/2024;JLF;;;;;;;;;;
01/07/2045;0;0;compute_energy;;;;98;03/04/2025;JLF;;;;;;;;;;
01/08/2045;0;0;current;;;;230;24/10/2024;JLF;;;;;;;;;;
01/09/2045;0;0;current;;;;231;24/10/2024;JLF;;;;;;;;;;
01/10/2045;0;0;current;;;;232;24/10/2024;JLF;;;;;;;;;;
01/10/2045;0;0;compute_energy;;;;99;03/04/2025;JLF;;;;;;;;;;
01/11/2045;0;0;current;;;;233;24/10/2024;JLF;;;;;;;;;;
01/12/2045;0;0;current;;;;234;24/10/2024;JLF;;;;;;;;;;
01/01/2046;0;0;current;;;;235;24/10/2024;JLF;;;;;;;;;;
01/01/2046;0;0;compute_energy;;;;100;03/04/2025;JLF;;;;;;;;;;
01/02/2046;0;0;current;;;;236;24/10/2024;JLF;;;;;;;;;;
01/03/2046;0;0;current;;;;237;24/10/2024;JLF;;;;;;;;;;
01/04/2046;0;0;current;;;;238;24/10/2024;JLF;;;;;;;;;;
01/04/2046;0;0;compute_energy;;;;101;03/04/2025;JLF;;;;;;;;;;
01/05/2046;0;0;current;;;;239;24/10/2024;JLF;;;;;;;;;;
01/06/2046;0;0;current;;;;240;24/10/2024;JLF;;;;;;;;;;
01/07/2046;0;0;current;;;;241;24/10/2024;JLF;;;;;;;;;;
01/07/2046;0;0;compute_energy;;;;102;03/04/2025;JLF;;;;;;;;;;
01/08/2046;0;0;current;;;;242;24/10/2024;JLF;;;;;;;;;;
01/09/2046;0;0;current;;;;243;24/10/2024;JLF;;;;;;;;;;
01/10/2046;0;0;current;;;;244;24/10/2024;JLF;;;;;;;;;;
01/10/2046;0;0;compute_energy;;;;103;03/04/2025;JLF;;;;;;;;;;
01/11/2046;0;0;current;;;;245;24/10/2024;JLF;;;;;;;;;;
01/12/2046;0;0;current;;;;246;24/10/2024;JLF;;;;;;;;;;
01/01/2047;0;0;current;;;;247;24/10/2024;JLF;;;;;;;;;;
01/01/2047;0;0;compute_energy;;;;104;03/04/2025;JLF;;;;;;;;;;
01/02/2047;0;0;current;;;;248;24/10/2024;JLF;;;;;;;;;;
01/03/2047;0;0;current;;;;249;24/10/2024;JLF;;;;;;;;;;
01/04/2047;0;0;current;;;;250;24/10/2024;JLF;;;;;;;;;;
01/04/2047;0;0;compute_energy;;;;105;03/04/2025;JLF;;;;;;;;;;
01/05/2047;0;0;current;;;;251;24/10/2024;JLF;;;;;;;;;;
01/06/2047;0;0;current;;;;252;24/10/2024;JLF;;;;;;;;;;
01/07/2047;0;0;current;;;;253;24/10/2024;JLF;;;;;;;;;;
01/07/2047;0;0;compute_energy;;;;106;03/04/2025;JLF;;;;;;;;;;
01/08/2047;0;0;current;;;;254;24/10/2024;JLF;;;;;;;;;;
01/09/2047;0;0;current;;;;255;24/10/2024;JLF;;;;;;;;;;
01/10/2047;0;0;current;;;;256;24/10/2024;JLF;;;;;;;;;;
01/10/2047;0;0;compute_energy;;;;107;03/04/2025;JLF;;;;;;;;;;
01/11/2047;0;0;current;;;;257;24/10/2024;JLF;;;;;;;;;;
01/12/2047;0;0;current;;;;258;24/10/2024;JLF;;;;;;;;;;
01/01/2048;0;0;current;;;;259;24/10/2024;JLF;;;;;;;;;;
01/01/2048;0;0;compute_energy;;;;108;03/04/2025;JLF;;;;;;;;;;
01/02/2048;0;0;current;;;;260;24/10/2024;JLF;;;;;;;;;;
01/03/2048;0;0;current;;;;261;24/10/2024;JLF;;;;;;;;;;
01/04/2048;0;0;current;;;;262;24/10/2024;JLF;;;;;;;;;;
01/04/2048;0;0;compute_energy;;;;109;03/04/2025;JLF;;;;;;;;;;
01/05/2048;0;0;current;;;;263;24/10/2024;JLF;;;;;;;;;;
01/06/2048;0;0;current;;;;264;24/10/2024;JLF;;;;;;;;;;
01/07/2048;0;0;current;;;;265;24/10/2024;JLF;;;;;;;;;;
01/07/2048;0;0;compute_energy;;;;110;03/04/2025;JLF;;;;;;;;;;
01/08/2048;0;0;current;;;;266;24/10/2024;JLF;;;;;;;;;;
01/09/2048;0;0;current;;;;267;24/10/2024;JLF;;;;;;;;;;
01/10/2048;0;0;current;;;;268;24/10/2024;JLF;;;;;;;;;;
01/10/2048;0;0;compute_energy;;;;111;03/04/2025;JLF;;;;;;;;;;
01/11/2048;0;0;current;;;;269;24/10/2024;JLF;;;;;;;;;;
01/12/2048;0;0;current;;;;270;24/10/2024;JLF;;;;;;;;;;
01/01/2049;0;0;current;;;;271;24/10/2024;JLF;;;;;;;;;;
01/01/2049;0;0;compute_energy;;;;112;03/04/2025;JLF;;;;;;;;;;
01/02/2049;0;0;current;;;;272;24/10/2024;JLF;;;;;;;;;;
01/03/2049;0;0;current;;;;273;24/10/2024;JLF;;;;;;;;;;
01/04/2049;0;0;current;;;;274;24/10/2024;JLF;;;;;;;;;;
01/04/2049;0;0;compute_energy;;;;113;03/04/2025;JLF;;;;;;;;;;
01/05/2049;0;0;current;;;;275;24/10/2024;JLF;;;;;;;;;;
01/06/2049;0;0;current;;;;276;24/10/2024;JLF;;;;;;;;;;
01/07/2049;0;0;current;;;;277;24/10/2024;JLF;;;;;;;;;;
01/07/2049;0;0;compute_energy;;;;114;03/04/2025;JLF;;;;;;;;;;
01/08/2049;0;0;current;;;;278;24/10/2024;JLF;;;;;;;;;;
01/09/2049;0;0;current;;;;279;24/10/2024;JLF;;;;;;;;;;
01/10/2049;0;0;current;;;;280;24/10/2024;JLF;;;;;;;;;;
01/10/2049;0;0;compute_energy;;;;115;03/04/2025;JLF;;;;;;;;;;
01/11/2049;0;0;current;;;;281;24/10/2024;JLF;;;;;;;;;;
01/12/2049;0;0;current;;;;282;24/10/2024;JLF;;;;;;;;;;
01/01/2050;0;0;current;;;;283;24/10/2024;JLF;;;;;;;;;;
01/01/2050;0;0;compute_energy;;;;116;03/04/2025;JLF;;;;;;;;;;
01/02/2050;0;0;current;;;;284;24/10/2024;JLF;;;;;;;;;;
01/03/2050;0;0;current;;;;285;24/10/2024;JLF;;;;;;;;;;
01/04/2050;0;0;current;;;;286;24/10/2024;JLF;;;;;;;;;;
01/04/2050;0;0;compute_energy;;;;117;03/04/2025;JLF;;;;;;;;;;
01/05/2050;0;0;current;;;;287;24/10/2024;JLF;;;;;;;;;;
01/06/2050;0;0;current;;;;288;24/10/2024;JLF;;;;;;;;;;
01/07/2050;0;0;current;;;;289;24/10/2024;JLF;;;;;;;;;;
01/07/2050;0;0;compute_energy;;;;118;03/04/2025;JLF;;;;;;;;;;
01/08/2050;0;0;current;;;;290;24/10/2024;JLF;;;;;;;;;;
01/09/2050;0;0;current;;;;291;24/10/2024;JLF;;;;;;;;;;
01/10/2050;0;0;current;;;;292;24/10/2024;JLF;;;;;;;;;;
01/10/2050;0;0;compute_energy;;;;119;03/04/2025;JLF;;;;;;;;;;
01/11/2050;0;0;current;;;;293;24/10/2024;JLF;;;;;;;;;;
01/12/2050;0;0;current;;;;294;24/10/2024;JLF;;;;;;;;;;
01/01/2051;0;0;current;;;;295;24/10/2024;JLF;;;;;;;;;;
01/01/2051;0;0;compute_energy;;;;120;03/04/2025;JLF;;;;;;;;;;
01/02/2051;0;0;current;;;;296;24/10/2024;JLF;;;;;;;;;;
01/03/2051;0;0;current;;;;297;24/10/2024;JLF;;;;;;;;;;
01/04/2051;0;0;current;;;;298;24/10/2024;JLF;;;;;;;;;;
01/04/2051;0;0;compute_energy;;;;121;03/04/2025;JLF;;;;;;;;;;
01/05/2051;0;0;current;;;;299;24/10/2024;JLF;;;;;;;;;;
01/06/2051;0;0;current;;;;300;24/10/2024;JLF;;;;;;;;;;
01/07/2051;0;0;current;;;;301;24/10/2024;JLF;;;;;;;;;;
01/07/2051;0;0;compute_energy;;;;122;03/04/2025;JLF;;;;;;;;;;
01/08/2051;0;0;current;;;;302;24/10/2024;JLF;;;;;;;;;;
01/09/2051;0;0;current;;;;303;24/10/2024;JLF;;;;;;;;;;
01/10/2051;0;0;current;;;;304;24/10/2024;JLF;;;;;;;;;;
01/10/2051;0;0;compute_energy;;;;123;03/04/2025;JLF;;;;;;;;;;
01/11/2051;0;0;current;;;;305;24/10/2024;JLF;;;;;;;;;;
01/12/2051;0;0;current;;;;306;24/10/2024;JLF;;;;;;;;;;
01/01/2052;0;0;current;;;;307;24/10/2024;JLF;;;;;;;;;;
01/01/2052;0;0;compute_energy;;;;124;03/04/2025;JLF;;;;;;;;;;
01/02/2052;0;0;current;;;;308;24/10/2024;JLF;;;;;;;;;;
01/03/2052;0;0;current;;;;309;24/10/2024;JLF;;;;;;;;;;
01/04/2052;0;0;current;;;;310;24/10/2024;JLF;;;;;;;;;;
01/04/2052;0;0;compute_energy;;;;125;03/04/2025;JLF;;;;;;;;;;
01/05/2052;0;0;current;;;;311;24/10/2024;JLF;;;;;;;;;;
01/06/2052;0;0;current;;;;312;24/10/2024;JLF;;;;;;;;;;
01/07/2052;0;0;current;;;;313;24/10/2024;JLF;;;;;;;;;;
01/07/2052;0;0;compute_energy;;;;126;03/04/2025;JLF;;;;;;;;;;
01/08/2052;0;0;current;;;;314;24/10/2024;JLF;;;;;;;;;;
01/09/2052;0;0;current;;;;315;24/10/2024;JLF;;;;;;;;;;
01/10/2052;0;0;current;;;;316;24/10/2024;JLF;;;;;;;;;;
01/10/2052;0;0;compute_energy;;;;127;03/04/2025;JLF;;;;;;;;;;
01/11/2052;0;0;current;;;;317;24/10/2024;JLF;;;;;;;;;;
01/12/2052;0;0;current;;;;318;24/10/2024;JLF;;;;;;;;;;
01/01/2053;0;0;current;;;;319;24/10/2024;JLF;;;;;;;;;;
01/01/2053;0;0;compute_energy;;;;128;03/04/2025;JLF;;;;;;;;;;
01/02/2053;0;0;current;;;;320;24/10/2024;JLF;;;;;;;;;;
01/03/2053;0;0;current;;;;321;24/10/2024;JLF;;;;;;;;;;
01/04/2053;0;0;current;;;;322;24/10/2024;JLF;;;;;;;;;;
01/04/2053;0;0;compute_energy;;;;129;03/04/2025;JLF;;;;;;;;;;
01/05/2053;0;0;current;;;;323;24/10/2024;JLF;;;;;;;;;;
01/06/2053;0;0;current;;;;324;24/10/2024;JLF;;;;;;;;;;
01/07/2053;0;0;current;;;;325;24/10/2024;JLF;;;;;;;;;;
01/07/2053;0;0;compute_energy;;;;130;03/04/2025;JLF;;;;;;;;;;
01/08/2053;0;0;current;;;;326;24/10/2024;JLF;;;;;;;;;;
01/09/2053;0;0;current;;;;327;24/10/2024;JLF;;;;;;;;;;
01/10/2053;0;0;current;;;;328;24/10/2024;JLF;;;;;;;;;;
01/10/2053;0;0;compute_energy;;;;131;03/04/2025;JLF;;;;;;;;;;
01/11/2053;0;0;current;;;;329;24/10/2024;JLF;;;;;;;;;;
01/12/2053;0;0;current;;;;330;24/10/2024;JLF;;;;;;;;;;
01/01/2054;0;0;current;;;;331;24/10/2024;JLF;;;;;;;;;;
01/01/2054;0;0;compute_energy;;;;132;03/04/2025;JLF;;;;;;;;;;
01/02/2054;0;0;current;;;;332;24/10/2024;JLF;;;;;;;;;;
01/03/2054;0;0;current;;;;333;24/10/2024;JLF;;;;;;;;;;
01/04/2054;0;0;current;;;;334;24/10/2024;JLF;;;;;;;;;;
01/04/2054;0;0;compute_energy;;;;133;03/04/2025;JLF;;;;;;;;;;
01/05/2054;0;0;current;;;;335;24/10/2024;JLF;;;;;;;;;;
01/06/2054;0;0;current;;;;336;24/10/2024;JLF;;;;;;;;;;
01/07/2054;0;0;current;;;;337;24/10/2024;JLF;;;;;;;;;;
01/07/2054;0;0;compute_energy;;;;134;03/04/2025;JLF;;;;;;;;;;
01/08/2054;0;0;current;;;;338;24/10/2024;JLF;;;;;;;;;;
01/09/2054;0;0;current;;;;339;24/10/2024;JLF;;;;;;;;;;
01/10/2054;0;0;current;;;;340;24/10/2024;JLF;;;;;;;;;;
01/10/2054;0;0;compute_energy;;;;135;03/04/2025;JLF;;;;;;;;;;
01/11/2054;0;0;current;;;;341;24/10/2024;JLF;;;;;;;;;;
01/12/2054;0;0;current;;;;342;24/10/2024;JLF;;;;;;;;;;
01/01/2055;0;0;current;;;;343;24/10/2024;JLF;;;;;;;;;;
01/01/2055;0;0;compute_energy;;;;136;03/04/2025;JLF;;;;;;;;;;
01/02/2055;0;0;current;;;;344;24/10/2024;JLF;;;;;;;;;;
01/03/2055;0;0;current;;;;345;24/10/2024;JLF;;;;;;;;;;
01/04/2055;0;0;current;;;;346;24/10/2024;JLF;;;;;;;;;;
01/04/2055;0;0;compute_energy;;;;137;03/04/2025;JLF;;;;;;;;;;
01/05/2055;0;0;current;;;;347;24/10/2024;JLF;;;;;;;;;;
01/06/2055;0;0;current;;;;348;24/10/2024;JLF;;;;;;;;;;
01/07/2055;0;0;current;;;;349;24/10/2024;JLF;;;;;;;;;;
01/07/2055;0;0;compute_energy;;;;138;03/04/2025;JLF;;;;;;;;;;
01/08/2055;0;0;current;;;;350;24/10/2024;JLF;;;;;;;;;;
01/09/2055;0;0;current;;;;351;24/10/2024;JLF;;;;;;;;;;
01/10/2055;0;0;current;;;;352;24/10/2024;JLF;;;;;;;;;;
01/10/2055;0;0;compute_energy;;;;139;03/04/2025;JLF;;;;;;;;;;
01/11/2055;0;0;current;;;;353;24/10/2024;JLF;;;;;;;;;;
01/12/2055;0;0;current;;;;354;24/10/2024;JLF;;;;;;;;;;
01/01/2056;0;0;current;;;;355;24/10/2024;JLF;;;;;;;;;;
01/01/2056;0;0;compute_energy;;;;140;03/04/2025;JLF;;;;;;;;;;
01/02/2056;0;0;current;;;;356;24/10/2024;JLF;;;;;;;;;;
01/03/2056;0;0;current;;;;357;24/10/2024;JLF;;;;;;;;;;
01/04/2056;0;0;current;;;;358;24/10/2024;JLF;;;;;;;;;;
01/04/2056;0;0;compute_energy;;;;141;03/04/2025;JLF;;;;;;;;;;
01/05/2056;0;0;current;;;;359;24/10/2024;JLF;;;;;;;;;;
01/06/2056;0;0;current;;;;360;24/10/2024;JLF;;;;;;;;;;
01/07/2056;0;0;current;;;;361;24/10/2024;JLF;;;;;;;;;;
01/07/2056;0;0;compute_energy;;;;142;03/04/2025;JLF;;;;;;;;;;
01/08/2056;0;0;current;;;;362;24/10/2024;JLF;;;;;;;;;;
01/09/2056;0;0;current;;;;363;24/10/2024;JLF;;;;;;;;;;
01/10/2056;0;0;current;;;;364;24/10/2024;JLF;;;;;;;;;;
01/10/2056;0;0;compute_energy;;;;143;03/04/2025;JLF;;;;;;;;;;
01/11/2056;0;0;current;;;;365;24/10/2024;JLF;;;;;;;;;;
01/12/2056;0;0;current;;;;366;24/10/2024;JLF;;;;;;;;;;
01/01/2057;0;0;current;;;;367;24/10/2024;JLF;;;;;;;;;;
01/01/2057;0;0;compute_energy;;;;144;03/04/2025;JLF;;;;;;;;;;
01/02/2057;0;0;current;;;;368;24/10/2024;JLF;;;;;;;;;;
01/03/2057;0;0;current;;;;369;24/10/2024;JLF;;;;;;;;;;
01/04/2057;0;0;current;;;;370;24/10/2024;JLF;;;;;;;;;;
01/04/2057;0;0;compute_energy;;;;145;03/04/2025;JLF;;;;;;;;;;
01/05/2057;0;0;current;;;;371;24/10/2024;JLF;;;;;;;;;;
01/06/2057;0;0;current;;;;372;24/10/2024;JLF;;;;;;;;;;
01/07/2057;0;0;current;;;;373;24/10/2024;JLF;;;;;;;;;;
01/07/2057;0;0;compute_energy;;;;146;03/04/2025;JLF;;;;;;;;;;
01/08/2057;0;0;current;;;;374;24/10/2024;JLF;;;;;;;;;;
01/09/2057;0;0;current;;;;375;24/10/2024;JLF;;;;;;;;;;
01/10/2057;0;0;current;;;;376;24/10/2024;JLF;;;;;;;;;;
01/10/2057;0;0;compute_energy;;;;147;03/04/2025;JLF;;;;;;;;;;
01/11/2057;0;0;current;;;;377;24/10/2024;JLF;;;;;;;;;;
01/12/2057;0;0;current;;;;378;24/10/2024;JLF;;;;;;;;;;
01/01/2058;0;0;current;;;;379;24/10/2024;JLF;;;;;;;;;;
01/01/2058;0;0;compute_energy;;;;148;03/04/2025;JLF;;;;;;;;;;
01/02/2058;0;0;current;;;;380;24/10/2024;JLF;;;;;;;;;;
01/03/2058;0;0;current;;;;381;24/10/2024;JLF;;;;;;;;;;
01/04/2058;0;0;current;;;;382;24/10/2024;JLF;;;;;;;;;;
01/04/2058;0;0;compute_energy;;;;149;03/04/2025;JLF;;;;;;;;;;
01/05/2058;0;0;current;;;;383;24/10/2024;JLF;;;;;;;;;;
01/06/2058;0;0;current;;;;384;24/10/2024;JLF;;;;;;;;;;
01/07/2058;0;0;current;;;;385;24/10/2024;JLF;;;;;;;;;;
01/07/2058;0;0;compute_energy;;;;150;03/04/2025;JLF;;;;;;;;;;
01/08/2058;0;0;current;;;;386;24/10/2024;JLF;;;;;;;;;;
01/09/2058;0;0;current;;;;387;24/10/2024;JLF;;;;;;;;;;
01/10/2058;0;0;current;;;;388;24/10/2024;JLF;;;;;;;;;;
01/10/2058;0;0;compute_energy;;;;151;03/04/2025;JLF;;;;;;;;;;
01/11/2058;0;0;current;;;;389;24/10/2024;JLF;;;;;;;;;;
01/12/2058;0;0;current;;;;390;24/10/2024;JLF;;;;;;;;;;
01/01/2059;0;0;current;;;;391;24/10/2024;JLF;;;;;;;;;;
01/01/2059;0;0;compute_energy;;;;152;03/04/2025;JLF;;;;;;;;;;
01/02/2059;0;0;current;;;;392;24/10/2024;JLF;;;;;;;;;;
01/03/2059;0;0;current;;;;393;24/10/2024;JLF;;;;;;;;;;
01/04/2059;0;0;current;;;;394;24/10/2024;JLF;;;;;;;;;;
01/04/2059;0;0;compute_energy;;;;153;03/04/2025;JLF;;;;;;;;;;
01/05/2059;0;0;current;;;;395;24/10/2024;JLF;;;;;;;;;;
01/06/2059;0;0;current;;;;396;24/10/2024;JLF;;;;;;;;;;
01/07/2059;0;0;current;;;;397;24/10/2024;JLF;;;;;;;;;;
01/07/2059;0;0;compute_energy;;;;154;03/04/2025;JLF;;;;;;;;;;
01/08/2059;0;0;current;;;;398;24/10/2024;JLF;;;;;;;;;;
01/09/2059;0;0;current;;;;399;24/10/2024;JLF;;;;;;;;;;
01/10/2059;0;0;current;;;;400;24/10/2024;JLF;;;;;;;;;;
01/10/2059;0;0;compute_energy;;;;155;03/04/2025;JLF;;;;;;;;;;
01/11/2059;0;0;current;;;;401;24/10/2024;JLF;;;;;;;;;;
01/12/2059;0;0;current;;;;402;24/10/2024;JLF;;;;;;;;;;
01/01/2060;0;0;current;;;;403;24/10/2024;JLF;;;;;;;;;;
01/01/2060;0;0;compute_energy;;;;156;03/04/2025;JLF;;;;;;;;;;
01/02/2060;0;0;current;;;;404;24/10/2024;JLF;;;;;;;;;;
01/03/2060;0;0;current;;;;405;24/10/2024;JLF;;;;;;;;;;
01/04/2060;0;0;current;;;;406;24/10/2024;JLF;;;;;;;;;;
01/04/2060;0;0;compute_energy;;;;157;03/04/2025;JLF;;;;;;;;;;
01/05/2060;0;0;current;;;;407;24/10/2024;JLF;;;;;;;;;;
01/06/2060;0;0;current;;;;408;24/10/2024;JLF;;;;;;;;;;
01/07/2060;0;0;current;;;;409;24/10/2024;JLF;;;;;;;;;;
01/07/2060;0;0;compute_energy;;;;158;03/04/2025;JLF;;;;;;;;;;
01/08/2060;0;0;current;;;;410;24/10/2024;JLF;;;;;;;;;;
01/09/2060;0;0;current;;;;411;24/10/2024;JLF;;;;;;;;;;
01/10/2060;0;0;current;;;;412;24/10/2024;JLF;;;;;;;;;;
01/10/2060;0;0;compute_energy;;;;159;03/04/2025;JLF;;;;;;;;;;
01/11/2060;0;0;current;;;;413;24/10/2024;JLF;;;;;;;;;;
01/12/2060;0;0;current;;;;414;24/10/2024;JLF;;;;;;;;;;
01/01/2061;0;0;current;;;;415;24/10/2024;JLF;;;;;;;;;;
01/01/2061;0;0;compute_energy;;;;160;03/04/2025;JLF;;;;;;;;;;
01/02/2061;0;0;current;;;;416;24/10/2024;JLF;;;;;;;;;;
01/03/2061;0;0;current;;;;417;24/10/2024;JLF;;;;;;;;;;
01/04/2061;0;0;current;;;;418;24/10/2024;JLF;;;;;;;;;;
01/04/2061;0;0;compute_energy;;;;161;03/04/2025;JLF;;;;;;;;;;
01/05/2061;0;0;current;;;;419;24/10/2024;JLF;;;;;;;;;;
01/06/2061;0;0;current;;;;420;24/10/2024;JLF;;;;;;;;;;
01/07/2061;0;0;current;;;;421;24/10/2024;JLF;;;;;;;;;;
01/07/2061;0;0;compute_energy;;;;162;03/04/2025;JLF;;;;;;;;;;
01/08/2061;0;0;current;;;;422;24/10/2024;JLF;;;;;;;;;;
01/09/2061;0;0;current;;;;423;24/10/2024;JLF;;;;;;;;;;
01/10/2061;0;0;current;;;;424;24/10/2024;JLF;;;;;;;;;;
01/10/2061;0;0;compute_energy;;;;163;03/04/2025;JLF;;;;;;;;;;
01/11/2061;0;0;current;;;;425;24/10/2024;JLF;;;;;;;;;;
01/12/2061;0;0;current;;;;426;24/10/2024;JLF;;;;;;;;;;
01/01/2062;0;0;current;;;;427;24/10/2024;JLF;;;;;;;;;;
01/01/2062;0;0;compute_energy;;;;164;03/04/2025;JLF;;;;;;;;;;
01/02/2062;0;0;current;;;;428;24/10/2024;JLF;;;;;;;;;;
01/03/2062;0;0;current;;;;429;24/10/2024;JLF;;;;;;;;;;
01/04/2062;0;0;current;;;;430;24/10/2024;JLF;;;;;;;;;;
01/04/2062;0;0;compute_energy;;;;165;03/04/2025;JLF;;;;;;;;;;
01/05/2062;0;0;current;;;;431;24/10/2024;JLF;;;;;;;;;;
01/06/2062;0;0;current;;;;432;24/10/2024;JLF;;;;;;;;;;
01/07/2062;0;0;current;;;;433;24/10/2024;JLF;;;;;;;;;;
01/07/2062;0;0;compute_energy;;;;166;03/04/2025;JLF;;;;;;;;;;
01/08/2062;0;0;current;;;;434;24/10/2024;JLF;;;;;;;;;;
01/09/2062;0;0;current;;;;435;24/10/2024;JLF;;;;;;;;;;
01/10/2062;0;0;current;;;;436;24/10/2024;JLF;;;;;;;;;;
01/10/2062;0;0;compute_energy;;;;167;03/04/2025;JLF;;;;;;;;;;
01/11/2062;0;0;current;;;;437;24/10/2024;JLF;;;;;;;;;;
01/12/2062;0;0;current;;;;438;24/10/2024;JLF;;;;;;;;;;
01/01/2063;0;0;current;;;;439;24/10/2024;JLF;;;;;;;;;;
01/01/2063;0;0;compute_energy;;;;168;03/04/2025;JLF;;;;;;;;;;
01/02/2063;0;0;current;;;;440;24/10/2024;JLF;;;;;;;;;;
01/03/2063;0;0;current;;;;441;24/10/2024;JLF;;;;;;;;;;
01/04/2063;0;0;current;;;;442;24/10/2024;JLF;;;;;;;;;;
01/04/2063;0;0;compute_energy;;;;169;03/04/2025;JLF;;;;;;;;;;
01/05/2063;0;0;current;;;;443;24/10/2024;JLF;;;;;;;;;;
01/06/2063;0;0;current;;;;444;24/10/2024;JLF;;;;;;;;;;
01/07/2063;0;0;current;;;;445;24/10/2024;JLF;;;;;;;;;;
01/07/2063;0;0;compute_energy;;;;170;03/04/2025;JLF;;;;;;;;;;
01/08/2063;0;0;current;;;;446;24/10/2024;JLF;;;;;;;;;;
01/09/2063;0;0;current;;;;447;24/10/2024;JLF;;;;;;;;;;
01/10/2063;0;0;current;;;;448;24/10/2024;JLF;;;;;;;;;;
01/10/2063;0;0;compute_energy;;;;171;03/04/2025;JLF;;;;;;;;;;
01/11/2063;0;0;current;;;;449;24/10/2024;JLF;;;;;;;;;;
01/12/2063;0;0;current;;;;450;24/10/2024;JLF;;;;;;;;;;
01/01/2064;0;0;current;;;;451;24/10/2024;JLF;;;;;;;;;;
01/01/2064;0;0;compute_energy;;;;172;03/04/2025;JLF;;;;;;;;;;
01/02/2064;0;0;current;;;;452;24/10/2024;JLF;;;;;;;;;;
01/03/2064;0;0;current;;;;453;24/10/2024;JLF;;;;;;;;;;
01/04/2064;0;0;current;;;;454;24/10/2024;JLF;;;;;;;;;;
01/04/2064;0;0;compute_energy;;;;173;03/04/2025;JLF;;;;;;;;;;
01/05/2064;0;0;current;;;;455;24/10/2024;JLF;;;;;;;;;;
01/06/2064;0;0;current;;;;456;24/10/2024;JLF;;;;;;;;;;
01/07/2064;0;0;current;;;;457;24/10/2024;JLF;;;;;;;;;;
01/07/2064;0;0;compute_energy;;;;174;03/04/2025;JLF;;;;;;;;;;
01/08/2064;0;0;current;;;;458;24/10/2024;JLF;;;;;;;;;;
01/09/2064;0;0;current;;;;459;24/10/2024;JLF;;;;;;;;;;
01/10/2064;0;0;current;;;;460;24/10/2024;JLF;;;;;;;;;;
01/10/2064;0;0;compute_energy;;;;175;03/04/2025;JLF;;;;;;;;;;
01/11/2064;0;0;current;;;;461;24/10/2024;JLF;;;;;;;;;;
01/12/2064;0;0;current;;;;462;24/10/2024;JLF;;;;;;;;;;
01/01/2065;0;0;current;;;;463;24/10/2024;JLF;;;;;;;;;;
01/01/2065;0;0;compute_energy;;;;176;03/04/2025;JLF;;;;;;;;;;
01/02/2065;0;0;current;;;;464;24/10/2024;JLF;;;;;;;;;;
01/03/2065;0;0;current;;;;465;24/10/2024;JLF;;;;;;;;;;
01/04/2065;0;0;current;;;;466;24/10/2024;JLF;;;;;;;;;;
01/04/2065;0;0;compute_energy;;;;177;03/04/2025;JLF;;;;;;;;;;
01/05/2065;0;0;current;;;;467;24/10/2024;JLF;;;;;;;;;;
01/06/2065;0;0;current;;;;468;24/10/2024;JLF;;;;;;;;;;
01/07/2065;0;0;current;;;;469;24/10/2024;JLF;;;;;;;;;;
01/07/2065;0;0;compute_energy;;;;178;03/04/2025;JLF;;;;;;;;;;
01/08/2065;0;0;current;;;;470;24/10/2024;JLF;;;;;;;;;;
01/09/2065;0;0;current;;;;471;24/10/2024;JLF;;;;;;;;;;
01/10/2065;0;0;current;;;;472;24/10/2024;JLF;;;;;;;;;;
01/10/2065;0;0;compute_energy;;;;179;03/04/2025;JLF;;;;;;;;;;
01/11/2065;0;0;current;;;;473;24/10/2024;JLF;;;;;;;;;;
01/12/2065;0;0;current;;;;474;24/10/2024;JLF;;;;;;;;;;
01/01/2066;0;0;current;;;;475;24/10/2024;JLF;;;;;;;;;;
01/01/2066;0;0;compute_energy;;;;180;03/04/2025;JLF;;;;;;;;;;
01/02/2066;0;0;current;;;;476;24/10/2024;JLF;;;;;;;;;;
01/03/2066;0;0;current;;;;477;24/10/2024;JLF;;;;;;;;;;
01/04/2066;0;0;current;;;;478;24/10/2024;JLF;;;;;;;;;;
01/04/2066;0;0;compute_energy;;;;181;03/04/2025;JLF;;;;;;;;;;
01/05/2066;0;0;current;;;;479;24/10/2024;JLF;;;;;;;;;;
01/06/2066;0;0;current;;;;480;24/10/2024;JLF;;;;;;;;;;
01/07/2066;0;0;current;;;;481;24/10/2024;JLF;;;;;;;;;;
01/07/2066;0;0;compute_energy;;;;182;03/04/2025;JLF;;;;;;;;;;
01/08/2066;0;0;current;;;;482;24/10/2024;JLF;;;;;;;;;;
01/09/2066;0;0;current;;;;483;24/10/2024;JLF;;;;;;;;;;
01/10/2066;0;0;current;;;;484;24/10/2024;JLF;;;;;;;;;;
01/10/2066;0;0;compute_energy;;;;183;03/04/2025;JLF;;;;;;;;;;
01/11/2066;0;0;current;;;;485;24/10/2024;JLF;;;;;;;;;;
01/12/2066;0;0;current;;;;486;24/10/2024;JLF;;;;;;;;;;
01/01/2067;0;0;current;;;;487;24/10/2024;JLF;;;;;;;;;;
01/01/2067;0;0;compute_energy;;;;184;03/04/2025;JLF;;;;;;;;;;
01/02/2067;0;0;current;;;;488;24/10/2024;JLF;;;;;;;;;;
01/03/2067;0;0;current;;;;489;24/10/2024;JLF;;;;;;;;;;
01/04/2067;0;0;current;;;;490;24/10/2024;JLF;;;;;;;;;;
01/04/2067;0;0;compute_energy;;;;185;03/04/2025;JLF;;;;;;;;;;
01/05/2067;0;0;current;;;;491;24/10/2024;JLF;;;;;;;;;;
01/06/2067;0;0;current;;;;492;24/10/2024;JLF;;;;;;;;;;
01/07/2067;0;0;current;;;;493;24/10/2024;JLF;;;;;;;;;;
01/07/2067;0;0;compute_energy;;;;186;03/04/2025;JLF;;;;;;;;;;
01/08/2067;0;0;current;;;;494;24/10/2024;JLF;;;;;;;;;;
01/09/2067;0;0;current;;;;495;24/10/2024;JLF;;;;;;;;;;
01/10/2067;0;0;current;;;;496;24/10/2024;JLF;;;;;;;;;;
01/10/2067;0;0;compute_energy;;;;187;03/04/2025;JLF;;;;;;;;;;
01/11/2067;0;0;current;;;;497;24/10/2024;JLF;;;;;;;;;;
01/12/2067;0;0;current;;;;498;24/10/2024;JLF;;;;;;;;;;
01/01/2068;0;0;current;;;;499;24/10/2024;JLF;;;;;;;;;;
01/01/2068;0;0;compute_energy;;;;188;03/04/2025;JLF;;;;;;;;;;
01/02/2068;0;0;current;;;;500;24/10/2024;JLF;;;;;;;;;;
01/03/2068;0;0;current;;;;501;24/10/2024;JLF;;;;;;;;;;
01/04/2068;0;0;current;;;;502;24/10/2024;JLF;;;;;;;;;;
01/04/2068;0;0;compute_energy;;;;189;03/04/2025;JLF;;;;;;;;;;
01/07/2068;0;0;compute_energy;;;;190;03/04/2025;JLF;;;;;;;;;;
01/10/2068;0;0;compute_energy;;;;191;03/04/2025;JLF;;;;;;;;;;
