DATE EVENT;X;Y;EVENT;VALUE1;VALUE2;CELL_ID;COMMENT;date ajout;resp. ajout;
01/01/2021;0;0;current;;;;1;07/10/2024;JLF;
14/01/2021;0;0;compute_energy;;;;0;03/04/2025;JLF;
15/01/2021;0;0;chlorophyll;;;;2;02/04/2025;JLF;
20/01/2021;0;0;microNekton;;;;2;01/07/2025;JLF;
01/02/2021;0;0;current;;;;3;07/10/2024;JLF;
15/02/2021;0;0;chlorophyll;;;;4;02/04/2025;JLF;
20/02/2021;0;0;microNekton;;;;4;01/07/2025;JLF;
01/03/2021;0;0;current;;;;5;07/10/2024;JLF;
15/03/2021;0;0;chlorophyll;;;;6;02/04/2025;JLF;
20/03/2021;0;0;microNekton;;;;6;01/07/2025;JLF;
01/04/2021;0;0;current;;;;7;07/10/2024;JLF;
14/04/2021;0;0;compute_energy;;;;1;03/04/2025;JLF;
15/04/2021;0;0;chlorophyll;;;;8;02/04/2025;JLF;
20/04/2021;0;0;microNekton;;;;8;01/07/2025;JLF;
01/05/2021;0;0;current;;;;9;07/10/2024;JLF;
15/05/2021;0;0;chlorophyll;;;;10;02/04/2025;JLF;
20/05/2021;0;0;microNekton;;;;10;01/07/2025;JLF;
01/06/2021;0;0;current;;;;11;07/10/2024;JLF;
15/06/2021;0;0;chlorophyll;;;;12;02/04/2025;JLF;
20/06/2021;0;0;microNekton;;;;12;01/07/2025;JLF;
01/07/2021;0;0;current;;;;13;07/10/2024;JLF;
14/07/2021;0;0;compute_energy;;;;2;03/04/2025;JLF;
15/07/2021;0;0;chlorophyll;;;;14;02/04/2025;JLF;
20/07/2021;0;0;microNekton;;;;14;01/07/2025;JLF;
01/08/2021;0;0;current;;;;15;07/10/2024;JLF;
15/08/2021;0;0;chlorophyll;;;;16;02/04/2025;JLF;
20/08/2021;0;0;microNekton;;;;16;01/07/2025;JLF;
01/09/2021;0;0;current;;;;17;07/10/2024;JLF;
15/09/2021;0;0;chlorophyll;;;;18;02/04/2025;JLF;
20/09/2021;0;0;microNekton;;;;18;01/07/2025;JLF;
01/10/2021;0;0;current;;;;19;07/10/2024;JLF;
14/10/2021;0;0;compute_energy;;;;3;03/04/2025;JLF;
15/10/2021;0;0;chlorophyll;;;;20;02/04/2025;JLF;
20/10/2021;0;0;microNekton;;;;20;01/07/2025;JLF;
01/11/2021;0;0;current;;;;21;07/10/2024;JLF;
15/11/2021;0;0;chlorophyll;;;;22;02/04/2025;JLF;
20/11/2021;0;0;microNekton;;;;22;01/07/2025;JLF;
01/12/2021;0;0;current;;;;23;07/10/2024;JLF;
15/12/2021;0;0;chlorophyll;;;;24;02/04/2025;JLF;
20/12/2021;0;0;microNekton;;;;24;01/07/2025;JLF;
01/01/2022;0;0;current;;;;25;07/10/2024;JLF;
14/01/2022;0;0;compute_energy;;;;4;03/04/2025;JLF;
15/01/2022;0;0;chlorophyll;;;;26;02/04/2025;JLF;
20/01/2022;0;0;microNekton;;;;26;01/07/2025;JLF;
01/02/2022;0;0;current;;;;27;07/10/2024;JLF;
15/02/2022;0;0;chlorophyll;;;;28;02/04/2025;JLF;
20/02/2022;0;0;microNekton;;;;28;01/07/2025;JLF;
01/03/2022;0;0;current;;;;29;07/10/2024;JLF;
15/03/2022;0;0;chlorophyll;;;;30;02/04/2025;JLF;
20/03/2022;0;0;microNekton;;;;30;01/07/2025;JLF;
01/04/2022;0;0;current;;;;31;07/10/2024;JLF;
14/04/2022;0;0;compute_energy;;;;5;03/04/2025;JLF;
15/04/2022;0;0;chlorophyll;;;;32;02/04/2025;JLF;
20/04/2022;0;0;microNekton;;;;32;01/07/2025;JLF;
01/05/2022;0;0;current;;;;33;07/10/2024;JLF;
15/05/2022;0;0;chlorophyll;;;;34;02/04/2025;JLF;
20/05/2022;0;0;microNekton;;;;34;01/07/2025;JLF;
01/06/2022;0;0;current;;;;35;07/10/2024;JLF;
15/06/2022;0;0;chlorophyll;;;;36;02/04/2025;JLF;
20/06/2022;0;0;microNekton;;;;36;01/07/2025;JLF;
01/07/2022;0;0;current;;;;37;07/10/2024;JLF;
14/07/2022;0;0;compute_energy;;;;6;03/04/2025;JLF;
15/07/2022;0;0;chlorophyll;;;;38;02/04/2025;JLF;
20/07/2022;0;0;microNekton;;;;38;01/07/2025;JLF;
01/08/2022;0;0;current;;;;39;07/10/2024;JLF;
15/08/2022;0;0;chlorophyll;;;;40;02/04/2025;JLF;
20/08/2022;0;0;microNekton;;;;40;01/07/2025;JLF;
01/09/2022;0;0;current;;;;41;07/10/2024;JLF;
15/09/2022;0;0;chlorophyll;;;;42;02/04/2025;JLF;
20/09/2022;0;0;microNekton;;;;42;01/07/2025;JLF;
01/10/2022;0;0;current;;;;43;07/10/2024;JLF;
14/10/2022;0;0;compute_energy;;;;7;03/04/2025;JLF;
15/10/2022;0;0;chlorophyll;;;;44;02/04/2025;JLF;
20/10/2022;0;0;microNekton;;;;44;01/07/2025;JLF;
01/11/2022;0;0;current;;;;45;07/10/2024;JLF;
15/11/2022;0;0;chlorophyll;;;;46;02/04/2025;JLF;
20/11/2022;0;0;microNekton;;;;46;01/07/2025;JLF;
01/12/2022;0;0;current;;;;47;07/10/2024;JLF;
15/12/2022;0;0;chlorophyll;;;;48;02/04/2025;JLF;
20/12/2022;0;0;microNekton;;;;48;01/07/2025;JLF;
01/01/2023;0;0;current;;;;49;07/10/2024;JLF;
14/01/2023;0;0;compute_energy;;;;8;03/04/2025;JLF;
15/01/2023;0;0;chlorophyll;;;;50;02/04/2025;JLF;
20/01/2023;0;0;microNekton;;;;50;01/07/2025;JLF;
01/02/2023;0;0;current;;;;51;07/10/2024;JLF;
15/02/2023;0;0;chlorophyll;;;;52;02/04/2025;JLF;
20/02/2023;0;0;microNekton;;;;52;01/07/2025;JLF;
01/03/2023;0;0;current;;;;53;07/10/2024;JLF;
15/03/2023;0;0;chlorophyll;;;;54;02/04/2025;JLF;
20/03/2023;0;0;microNekton;;;;54;01/07/2025;JLF;
01/04/2023;0;0;current;;;;55;07/10/2024;JLF;
14/04/2023;0;0;compute_energy;;;;9;03/04/2025;JLF;
15/04/2023;0;0;chlorophyll;;;;56;02/04/2025;JLF;
20/04/2023;0;0;microNekton;;;;56;01/07/2025;JLF;
01/05/2023;0;0;current;;;;57;07/10/2024;JLF;
15/05/2023;0;0;chlorophyll;;;;58;02/04/2025;JLF;
20/05/2023;0;0;microNekton;;;;58;01/07/2025;JLF;
01/06/2023;0;0;current;;;;59;07/10/2024;JLF;
15/06/2023;0;0;chlorophyll;;;;60;02/04/2025;JLF;
20/06/2023;0;0;microNekton;;;;60;01/07/2025;JLF;
01/07/2023;0;0;current;;;;61;07/10/2024;JLF;
14/07/2023;0;0;compute_energy;;;;10;03/04/2025;JLF;
15/07/2023;0;0;chlorophyll;;;;62;02/04/2025;JLF;
20/07/2023;0;0;microNekton;;;;62;01/07/2025;JLF;
01/08/2023;0;0;current;;;;63;07/10/2024;JLF;
15/08/2023;0;0;chlorophyll;;;;64;02/04/2025;JLF;
20/08/2023;0;0;microNekton;;;;64;01/07/2025;JLF;
01/09/2023;0;0;current;;;;65;07/10/2024;JLF;
15/09/2023;0;0;chlorophyll;;;;66;02/04/2025;JLF;
20/09/2023;0;0;microNekton;;;;66;01/07/2025;JLF;
01/10/2023;0;0;current;;;;67;07/10/2024;JLF;
14/10/2023;0;0;compute_energy;;;;11;03/04/2025;JLF;
15/10/2023;0;0;chlorophyll;;;;68;02/04/2025;JLF;
20/10/2023;0;0;microNekton;;;;68;01/07/2025;JLF;
01/11/2023;0;0;current;;;;69;07/10/2024;JLF;
15/11/2023;0;0;chlorophyll;;;;70;02/04/2025;JLF;
20/11/2023;0;0;microNekton;;;;70;01/07/2025;JLF;
01/12/2023;0;0;current;;;;71;07/10/2024;JLF;
15/12/2023;0;0;chlorophyll;;;;72;02/04/2025;JLF;
20/12/2023;0;0;microNekton;;;;72;01/07/2025;JLF;
01/01/2024;0;0;current;;;;73;07/10/2024;JLF;
14/01/2024;0;0;compute_energy;;;;12;03/04/2025;JLF;
15/01/2024;0;0;chlorophyll;;;;74;02/04/2025;JLF;
20/01/2024;0;0;microNekton;;;;74;01/07/2025;JLF;
01/02/2024;0;0;current;;;;75;07/10/2024;JLF;
15/02/2024;0;0;chlorophyll;;;;76;02/04/2025;JLF;
20/02/2024;0;0;microNekton;;;;76;01/07/2025;JLF;
01/03/2024;0;0;current;;;;77;07/10/2024;JLF;
15/03/2024;0;0;chlorophyll;;;;78;02/04/2025;JLF;
20/03/2024;0;0;microNekton;;;;78;01/07/2025;JLF;
01/04/2024;0;0;current;;;;79;07/10/2024;JLF;
14/04/2024;0;0;compute_energy;;;;13;03/04/2025;JLF;
15/04/2024;0;0;chlorophyll;;;;80;02/04/2025;JLF;
20/04/2024;0;0;microNekton;;;;80;01/07/2025;JLF;
01/05/2024;0;0;current;;;;81;07/10/2024;JLF;
15/05/2024;0;0;chlorophyll;;;;82;02/04/2025;JLF;
20/05/2024;0;0;microNekton;;;;82;01/07/2025;JLF;
01/06/2024;0;0;current;;;;83;07/10/2024;JLF;
15/06/2024;0;0;chlorophyll;;;;84;02/04/2025;JLF;
20/06/2024;0;0;microNekton;;;;84;01/07/2025;JLF;
01/07/2024;0;0;current;;;;85;07/10/2024;JLF;
14/07/2024;0;0;compute_energy;;;;14;03/04/2025;JLF;
15/07/2024;0;0;chlorophyll;;;;86;02/04/2025;JLF;
20/07/2024;0;0;microNekton;;;;86;01/07/2025;JLF;
01/08/2024;0;0;current;;;;87;07/10/2024;JLF;
15/08/2024;0;0;chlorophyll;;;;88;02/04/2025;JLF;
20/08/2024;0;0;microNekton;;;;88;01/07/2025;JLF;
01/09/2024;0;0;current;;;;89;07/10/2024;JLF;
15/09/2024;0;0;chlorophyll;;;;90;02/04/2025;JLF;
20/09/2024;0;0;microNekton;;;;90;01/07/2025;JLF;
01/10/2024;0;0;current;;;;91;07/10/2024;JLF;
14/10/2024;0;0;compute_energy;;;;15;03/04/2025;JLF;
15/10/2024;0;0;chlorophyll;;;;92;02/04/2025;JLF;
20/10/2024;0;0;microNekton;;;;92;01/07/2025;JLF;
01/11/2024;0;0;current;;;;93;07/10/2024;JLF;
15/11/2024;0;0;chlorophyll;;;;94;02/04/2025;JLF;
20/11/2024;0;0;microNekton;;;;94;01/07/2025;JLF;
01/12/2024;0;0;current;;;;95;07/10/2024;JLF;
15/12/2024;0;0;chlorophyll;;;;96;02/04/2025;JLF;
20/12/2024;0;0;microNekton;;;;96;01/07/2025;JLF;
01/01/2025;0;0;current;;;;97;07/10/2024;JLF;
14/01/2025;0;0;compute_energy;;;;16;03/04/2025;JLF;
15/01/2025;0;0;chlorophyll;;;;98;02/04/2025;JLF;
20/01/2025;0;0;microNekton;;;;98;01/07/2025;JLF;
01/02/2025;0;0;current;;;;99;07/10/2024;JLF;
15/02/2025;0;0;chlorophyll;;;;100;02/04/2025;JLF;
20/02/2025;0;0;microNekton;;;;100;01/07/2025;JLF;
01/03/2025;0;0;current;;;;101;07/10/2024;JLF;
15/03/2025;0;0;chlorophyll;;;;102;02/04/2025;JLF;
20/03/2025;0;0;microNekton;;;;102;01/07/2025;JLF;
01/04/2025;0;0;current;;;;103;07/10/2024;JLF;
14/04/2025;0;0;compute_energy;;;;17;03/04/2025;JLF;
15/04/2025;0;0;chlorophyll;;;;104;02/04/2025;JLF;
20/04/2025;0;0;microNekton;;;;104;01/07/2025;JLF;
01/05/2025;0;0;current;;;;105;07/10/2024;JLF;
15/05/2025;0;0;chlorophyll;;;;106;02/04/2025;JLF;
20/05/2025;0;0;microNekton;;;;106;01/07/2025;JLF;
01/06/2025;0;0;current;;;;107;07/10/2024;JLF;
15/06/2025;0;0;chlorophyll;;;;108;02/04/2025;JLF;
20/06/2025;0;0;microNekton;;;;108;01/07/2025;JLF;
01/07/2025;0;0;current;;;;109;07/10/2024;JLF;
14/07/2025;0;0;compute_energy;;;;18;03/04/2025;JLF;
15/07/2025;0;0;chlorophyll;;;;110;02/04/2025;JLF;
20/07/2025;0;0;microNekton;;;;110;01/07/2025;JLF;
01/08/2025;0;0;current;;;;111;07/10/2024;JLF;
15/08/2025;0;0;chlorophyll;;;;112;02/04/2025;JLF;
20/08/2025;0;0;microNekton;;;;112;01/07/2025;JLF;
01/09/2025;0;0;current;;;;113;07/10/2024;JLF;
15/09/2025;0;0;chlorophyll;;;;114;02/04/2025;JLF;
20/09/2025;0;0;microNekton;;;;114;01/07/2025;JLF;
01/10/2025;0;0;current;;;;115;07/10/2024;JLF;
14/10/2025;0;0;compute_energy;;;;19;03/04/2025;JLF;
15/10/2025;0;0;chlorophyll;;;;116;02/04/2025;JLF;
20/10/2025;0;0;microNekton;;;;116;01/07/2025;JLF;
01/11/2025;0;0;current;;;;117;07/10/2024;JLF;
15/11/2025;0;0;chlorophyll;;;;118;02/04/2025;JLF;
20/11/2025;0;0;microNekton;;;;118;01/07/2025;JLF;
01/12/2025;0;0;current;;;;119;07/10/2024;JLF;
15/12/2025;0;0;chlorophyll;;;;120;02/04/2025;JLF;
20/12/2025;0;0;microNekton;;;;120;01/07/2025;JLF;
01/01/2026;0;0;current;;;;121;07/10/2024;JLF;
14/01/2026;0;0;compute_energy;;;;20;03/04/2025;JLF;
15/01/2026;0;0;chlorophyll;;;;122;02/04/2025;JLF;
20/01/2026;0;0;microNekton;;;;122;01/07/2025;JLF;
01/02/2026;0;0;current;;;;123;07/10/2024;JLF;
15/02/2026;0;0;chlorophyll;;;;124;02/04/2025;JLF;
20/02/2026;0;0;microNekton;;;;124;01/07/2025;JLF;
01/03/2026;0;0;current;;;;125;07/10/2024;JLF;
15/03/2026;0;0;chlorophyll;;;;126;02/04/2025;JLF;
20/03/2026;0;0;microNekton;;;;126;01/07/2025;JLF;
01/04/2026;0;0;current;;;;127;07/10/2024;JLF;
14/04/2026;0;0;compute_energy;;;;21;03/04/2025;JLF;
15/04/2026;0;0;chlorophyll;;;;128;02/04/2025;JLF;
20/04/2026;0;0;microNekton;;;;128;01/07/2025;JLF;
01/05/2026;0;0;current;;;;129;07/10/2024;JLF;
15/05/2026;0;0;chlorophyll;;;;130;02/04/2025;JLF;
20/05/2026;0;0;microNekton;;;;130;01/07/2025;JLF;
01/06/2026;0;0;current;;;;131;07/10/2024;JLF;
15/06/2026;0;0;chlorophyll;;;;132;02/04/2025;JLF;
20/06/2026;0;0;microNekton;;;;132;01/07/2025;JLF;
01/07/2026;0;0;current;;;;133;07/10/2024;JLF;
14/07/2026;0;0;compute_energy;;;;22;03/04/2025;JLF;
15/07/2026;0;0;chlorophyll;;;;134;02/04/2025;JLF;
20/07/2026;0;0;microNekton;;;;134;01/07/2025;JLF;
01/08/2026;0;0;current;;;;135;07/10/2024;JLF;
15/08/2026;0;0;chlorophyll;;;;136;02/04/2025;JLF;
20/08/2026;0;0;microNekton;;;;136;01/07/2025;JLF;
01/09/2026;0;0;current;;;;137;07/10/2024;JLF;
15/09/2026;0;0;chlorophyll;;;;138;02/04/2025;JLF;
20/09/2026;0;0;microNekton;;;;138;01/07/2025;JLF;
01/10/2026;0;0;current;;;;139;07/10/2024;JLF;
14/10/2026;0;0;compute_energy;;;;23;03/04/2025;JLF;
15/10/2026;0;0;chlorophyll;;;;140;02/04/2025;JLF;
20/10/2026;0;0;microNekton;;;;140;01/07/2025;JLF;
01/11/2026;0;0;current;;;;141;07/10/2024;JLF;
15/11/2026;0;0;chlorophyll;;;;142;02/04/2025;JLF;
20/11/2026;0;0;microNekton;;;;142;01/07/2025;JLF;
01/12/2026;0;0;current;;;;143;07/10/2024;JLF;
15/12/2026;0;0;chlorophyll;;;;144;02/04/2025;JLF;
20/12/2026;0;0;microNekton;;;;144;01/07/2025;JLF;
01/01/2027;0;0;current;;;;145;24/10/2024;JLF;
14/01/2027;0;0;compute_energy;;;;24;03/04/2025;JLF;
15/01/2027;0;0;chlorophyll;;;;146;02/04/2025;JLF;
20/01/2027;0;0;microNekton;;;;146;01/07/2025;JLF;
01/02/2027;0;0;current;;;;147;24/10/2024;JLF;
15/02/2027;0;0;chlorophyll;;;;148;02/04/2025;JLF;
20/02/2027;0;0;microNekton;;;;148;01/07/2025;JLF;
01/03/2027;0;0;current;;;;149;24/10/2024;JLF;
15/03/2027;0;0;chlorophyll;;;;150;02/04/2025;JLF;
20/03/2027;0;0;microNekton;;;;150;01/07/2025;JLF;
01/04/2027;0;0;current;;;;151;24/10/2024;JLF;
14/04/2027;0;0;compute_energy;;;;25;03/04/2025;JLF;
15/04/2027;0;0;chlorophyll;;;;152;02/04/2025;JLF;
20/04/2027;0;0;microNekton;;;;152;01/07/2025;JLF;
01/05/2027;0;0;current;;;;153;24/10/2024;JLF;
15/05/2027;0;0;chlorophyll;;;;154;02/04/2025;JLF;
20/05/2027;0;0;microNekton;;;;154;01/07/2025;JLF;
01/06/2027;0;0;current;;;;155;24/10/2024;JLF;
15/06/2027;0;0;chlorophyll;;;;156;02/04/2025;JLF;
20/06/2027;0;0;microNekton;;;;156;01/07/2025;JLF;
01/07/2027;0;0;current;;;;157;24/10/2024;JLF;
14/07/2027;0;0;compute_energy;;;;26;03/04/2025;JLF;
15/07/2027;0;0;chlorophyll;;;;158;02/04/2025;JLF;
20/07/2027;0;0;microNekton;;;;158;01/07/2025;JLF;
01/08/2027;0;0;current;;;;159;24/10/2024;JLF;
15/08/2027;0;0;chlorophyll;;;;160;02/04/2025;JLF;
20/08/2027;0;0;microNekton;;;;160;01/07/2025;JLF;
01/09/2027;0;0;current;;;;161;24/10/2024;JLF;
15/09/2027;0;0;chlorophyll;;;;162;02/04/2025;JLF;
20/09/2027;0;0;microNekton;;;;162;01/07/2025;JLF;
01/10/2027;0;0;current;;;;163;24/10/2024;JLF;
14/10/2027;0;0;compute_energy;;;;27;03/04/2025;JLF;
15/10/2027;0;0;chlorophyll;;;;164;02/04/2025;JLF;
20/10/2027;0;0;microNekton;;;;164;01/07/2025;JLF;
01/11/2027;0;0;current;;;;165;24/10/2024;JLF;
15/11/2027;0;0;chlorophyll;;;;166;02/04/2025;JLF;
20/11/2027;0;0;microNekton;;;;166;01/07/2025;JLF;
01/12/2027;0;0;current;;;;167;24/10/2024;JLF;
15/12/2027;0;0;chlorophyll;;;;168;02/04/2025;JLF;
20/12/2027;0;0;microNekton;;;;168;01/07/2025;JLF;
01/01/2028;0;0;current;;;;169;24/10/2024;JLF;
14/01/2028;0;0;compute_energy;;;;28;03/04/2025;JLF;
15/01/2028;0;0;chlorophyll;;;;170;02/04/2025;JLF;
20/01/2028;0;0;microNekton;;;;170;01/07/2025;JLF;
01/02/2028;0;0;current;;;;171;24/10/2024;JLF;
15/02/2028;0;0;chlorophyll;;;;172;02/04/2025;JLF;
20/02/2028;0;0;microNekton;;;;172;01/07/2025;JLF;
01/03/2028;0;0;current;;;;173;24/10/2024;JLF;
15/03/2028;0;0;chlorophyll;;;;174;02/04/2025;JLF;
20/03/2028;0;0;microNekton;;;;174;01/07/2025;JLF;
01/04/2028;0;0;current;;;;175;24/10/2024;JLF;
14/04/2028;0;0;compute_energy;;;;29;03/04/2025;JLF;
15/04/2028;0;0;chlorophyll;;;;176;02/04/2025;JLF;
20/04/2028;0;0;microNekton;;;;176;01/07/2025;JLF;
01/05/2028;0;0;current;;;;177;24/10/2024;JLF;
15/05/2028;0;0;chlorophyll;;;;178;02/04/2025;JLF;
20/05/2028;0;0;microNekton;;;;178;01/07/2025;JLF;
01/06/2028;0;0;current;;;;179;24/10/2024;JLF;
15/06/2028;0;0;chlorophyll;;;;180;02/04/2025;JLF;
20/06/2028;0;0;microNekton;;;;180;01/07/2025;JLF;
01/07/2028;0;0;current;;;;181;24/10/2024;JLF;
14/07/2028;0;0;compute_energy;;;;30;03/04/2025;JLF;
15/07/2028;0;0;chlorophyll;;;;182;02/04/2025;JLF;
20/07/2028;0;0;microNekton;;;;182;01/07/2025;JLF;
01/08/2028;0;0;current;;;;183;24/10/2024;JLF;
15/08/2028;0;0;chlorophyll;;;;184;02/04/2025;JLF;
20/08/2028;0;0;microNekton;;;;184;01/07/2025;JLF;
01/09/2028;0;0;current;;;;185;24/10/2024;JLF;
15/09/2028;0;0;chlorophyll;;;;186;02/04/2025;JLF;
20/09/2028;0;0;microNekton;;;;186;01/07/2025;JLF;
01/10/2028;0;0;current;;;;187;24/10/2024;JLF;
14/10/2028;0;0;compute_energy;;;;31;03/04/2025;JLF;
15/10/2028;0;0;chlorophyll;;;;188;02/04/2025;JLF;
20/10/2028;0;0;microNekton;;;;188;01/07/2025;JLF;
01/11/2028;0;0;current;;;;189;24/10/2024;JLF;
15/11/2028;0;0;chlorophyll;;;;190;02/04/2025;JLF;
20/11/2028;0;0;microNekton;;;;190;01/07/2025;JLF;
01/12/2028;0;0;current;;;;191;24/10/2024;JLF;
15/12/2028;0;0;chlorophyll;;;;192;02/04/2025;JLF;
20/12/2028;0;0;microNekton;;;;192;01/07/2025;JLF;
01/01/2029;0;0;current;;;;193;24/10/2024;JLF;
14/01/2029;0;0;compute_energy;;;;32;03/04/2025;JLF;
15/01/2029;0;0;chlorophyll;;;;194;02/04/2025;JLF;
20/01/2029;0;0;microNekton;;;;194;01/07/2025;JLF;
01/02/2029;0;0;current;;;;195;24/10/2024;JLF;
15/02/2029;0;0;chlorophyll;;;;196;02/04/2025;JLF;
20/02/2029;0;0;microNekton;;;;196;01/07/2025;JLF;
01/03/2029;0;0;current;;;;197;24/10/2024;JLF;
15/03/2029;0;0;chlorophyll;;;;198;02/04/2025;JLF;
20/03/2029;0;0;microNekton;;;;198;01/07/2025;JLF;
01/04/2029;0;0;current;;;;199;24/10/2024;JLF;
14/04/2029;0;0;compute_energy;;;;33;03/04/2025;JLF;
15/04/2029;0;0;chlorophyll;;;;200;02/04/2025;JLF;
20/04/2029;0;0;microNekton;;;;200;01/07/2025;JLF;
01/05/2029;0;0;current;;;;201;24/10/2024;JLF;
15/05/2029;0;0;chlorophyll;;;;202;02/04/2025;JLF;
20/05/2029;0;0;microNekton;;;;202;01/07/2025;JLF;
01/06/2029;0;0;current;;;;203;24/10/2024;JLF;
15/06/2029;0;0;chlorophyll;;;;204;02/04/2025;JLF;
20/06/2029;0;0;microNekton;;;;204;01/07/2025;JLF;
01/07/2029;0;0;current;;;;205;24/10/2024;JLF;
14/07/2029;0;0;compute_energy;;;;34;03/04/2025;JLF;
15/07/2029;0;0;chlorophyll;;;;206;02/04/2025;JLF;
20/07/2029;0;0;microNekton;;;;206;01/07/2025;JLF;
01/08/2029;0;0;current;;;;207;24/10/2024;JLF;
15/08/2029;0;0;chlorophyll;;;;208;02/04/2025;JLF;
20/08/2029;0;0;microNekton;;;;208;01/07/2025;JLF;
01/09/2029;0;0;current;;;;209;24/10/2024;JLF;
15/09/2029;0;0;chlorophyll;;;;210;02/04/2025;JLF;
20/09/2029;0;0;microNekton;;;;210;01/07/2025;JLF;
01/10/2029;0;0;current;;;;211;24/10/2024;JLF;
14/10/2029;0;0;compute_energy;;;;35;03/04/2025;JLF;
15/10/2029;0;0;chlorophyll;;;;212;02/04/2025;JLF;
20/10/2029;0;0;microNekton;;;;212;01/07/2025;JLF;
01/11/2029;0;0;current;;;;213;24/10/2024;JLF;
15/11/2029;0;0;chlorophyll;;;;214;02/04/2025;JLF;
20/11/2029;0;0;microNekton;;;;214;01/07/2025;JLF;
01/12/2029;0;0;current;;;;215;24/10/2024;JLF;
15/12/2029;0;0;chlorophyll;;;;216;02/04/2025;JLF;
20/12/2029;0;0;microNekton;;;;216;01/07/2025;JLF;
01/01/2030;0;0;current;;;;217;24/10/2024;JLF;
14/01/2030;0;0;compute_energy;;;;36;03/04/2025;JLF;
15/01/2030;0;0;chlorophyll;;;;218;02/04/2025;JLF;
20/01/2030;0;0;microNekton;;;;218;01/07/2025;JLF;
01/02/2030;0;0;current;;;;219;24/10/2024;JLF;
15/02/2030;0;0;chlorophyll;;;;220;02/04/2025;JLF;
20/02/2030;0;0;microNekton;;;;220;01/07/2025;JLF;
01/03/2030;0;0;current;;;;221;24/10/2024;JLF;
15/03/2030;0;0;chlorophyll;;;;222;02/04/2025;JLF;
20/03/2030;0;0;microNekton;;;;222;01/07/2025;JLF;
01/04/2030;0;0;current;;;;223;24/10/2024;JLF;
14/04/2030;0;0;compute_energy;;;;37;03/04/2025;JLF;
15/04/2030;0;0;chlorophyll;;;;224;02/04/2025;JLF;
20/04/2030;0;0;microNekton;;;;224;01/07/2025;JLF;
01/05/2030;0;0;current;;;;225;24/10/2024;JLF;
15/05/2030;0;0;chlorophyll;;;;226;02/04/2025;JLF;
20/05/2030;0;0;microNekton;;;;226;01/07/2025;JLF;
01/06/2030;0;0;current;;;;227;24/10/2024;JLF;
15/06/2030;0;0;chlorophyll;;;;228;02/04/2025;JLF;
20/06/2030;0;0;microNekton;;;;228;01/07/2025;JLF;
01/07/2030;0;0;current;;;;229;24/10/2024;JLF;
14/07/2030;0;0;compute_energy;;;;38;03/04/2025;JLF;
15/07/2030;0;0;chlorophyll;;;;230;02/04/2025;JLF;
20/07/2030;0;0;microNekton;;;;230;01/07/2025;JLF;
01/08/2030;0;0;current;;;;231;24/10/2024;JLF;
15/08/2030;0;0;chlorophyll;;;;232;02/04/2025;JLF;
20/08/2030;0;0;microNekton;;;;232;01/07/2025;JLF;
01/09/2030;0;0;current;;;;233;24/10/2024;JLF;
15/09/2030;0;0;chlorophyll;;;;234;02/04/2025;JLF;
20/09/2030;0;0;microNekton;;;;234;01/07/2025;JLF;
01/10/2030;0;0;current;;;;235;24/10/2024;JLF;
14/10/2030;0;0;compute_energy;;;;39;03/04/2025;JLF;
15/10/2030;0;0;chlorophyll;;;;236;02/04/2025;JLF;
20/10/2030;0;0;microNekton;;;;236;01/07/2025;JLF;
01/11/2030;0;0;current;;;;237;24/10/2024;JLF;
15/11/2030;0;0;chlorophyll;;;;238;02/04/2025;JLF;
20/11/2030;0;0;microNekton;;;;238;01/07/2025;JLF;
01/12/2030;0;0;current;;;;239;24/10/2024;JLF;
15/12/2030;0;0;chlorophyll;;;;240;02/04/2025;JLF;
20/12/2030;0;0;microNekton;;;;240;01/07/2025;JLF;
01/01/2031;0;0;current;;;;241;24/10/2024;JLF;
14/01/2031;0;0;compute_energy;;;;40;03/04/2025;JLF;
15/01/2031;0;0;chlorophyll;;;;242;02/04/2025;JLF;
20/01/2031;0;0;microNekton;;;;242;01/07/2025;JLF;
01/02/2031;0;0;current;;;;243;24/10/2024;JLF;
15/02/2031;0;0;chlorophyll;;;;244;02/04/2025;JLF;
20/02/2031;0;0;microNekton;;;;244;01/07/2025;JLF;
01/03/2031;0;0;current;;;;245;24/10/2024;JLF;
15/03/2031;0;0;chlorophyll;;;;246;02/04/2025;JLF;
20/03/2031;0;0;microNekton;;;;246;01/07/2025;JLF;
01/04/2031;0;0;current;;;;247;24/10/2024;JLF;
14/04/2031;0;0;compute_energy;;;;41;03/04/2025;JLF;
15/04/2031;0;0;chlorophyll;;;;248;02/04/2025;JLF;
20/04/2031;0;0;microNekton;;;;248;01/07/2025;JLF;
01/05/2031;0;0;current;;;;249;24/10/2024;JLF;
15/05/2031;0;0;chlorophyll;;;;250;02/04/2025;JLF;
20/05/2031;0;0;microNekton;;;;250;01/07/2025;JLF;
01/06/2031;0;0;current;;;;251;24/10/2024;JLF;
15/06/2031;0;0;chlorophyll;;;;252;02/04/2025;JLF;
20/06/2031;0;0;microNekton;;;;252;01/07/2025;JLF;
01/07/2031;0;0;current;;;;253;24/10/2024;JLF;
14/07/2031;0;0;compute_energy;;;;42;03/04/2025;JLF;
15/07/2031;0;0;chlorophyll;;;;254;02/04/2025;JLF;
20/07/2031;0;0;microNekton;;;;254;01/07/2025;JLF;
01/08/2031;0;0;current;;;;255;24/10/2024;JLF;
15/08/2031;0;0;chlorophyll;;;;256;02/04/2025;JLF;
20/08/2031;0;0;microNekton;;;;256;01/07/2025;JLF;
01/09/2031;0;0;current;;;;257;24/10/2024;JLF;
15/09/2031;0;0;chlorophyll;;;;258;02/04/2025;JLF;
20/09/2031;0;0;microNekton;;;;258;01/07/2025;JLF;
01/10/2031;0;0;current;;;;259;24/10/2024;JLF;
14/10/2031;0;0;compute_energy;;;;43;03/04/2025;JLF;
15/10/2031;0;0;chlorophyll;;;;260;02/04/2025;JLF;
20/10/2031;0;0;microNekton;;;;260;01/07/2025;JLF;
01/11/2031;0;0;current;;;;261;24/10/2024;JLF;
15/11/2031;0;0;chlorophyll;;;;262;02/04/2025;JLF;
20/11/2031;0;0;microNekton;;;;262;01/07/2025;JLF;
01/12/2031;0;0;current;;;;263;24/10/2024;JLF;
15/12/2031;0;0;chlorophyll;;;;264;02/04/2025;JLF;
20/12/2031;0;0;microNekton;;;;264;01/07/2025;JLF;
01/01/2032;0;0;current;;;;265;24/10/2024;JLF;
14/01/2032;0;0;compute_energy;;;;44;03/04/2025;JLF;
15/01/2032;0;0;chlorophyll;;;;266;02/04/2025;JLF;
20/01/2032;0;0;microNekton;;;;266;01/07/2025;JLF;
01/02/2032;0;0;current;;;;267;24/10/2024;JLF;
15/02/2032;0;0;chlorophyll;;;;268;02/04/2025;JLF;
20/02/2032;0;0;microNekton;;;;268;01/07/2025;JLF;
01/03/2032;0;0;current;;;;269;24/10/2024;JLF;
15/03/2032;0;0;chlorophyll;;;;270;02/04/2025;JLF;
20/03/2032;0;0;microNekton;;;;270;01/07/2025;JLF;
01/04/2032;0;0;current;;;;271;24/10/2024;JLF;
14/04/2032;0;0;compute_energy;;;;45;03/04/2025;JLF;
15/04/2032;0;0;chlorophyll;;;;272;02/04/2025;JLF;
20/04/2032;0;0;microNekton;;;;272;01/07/2025;JLF;
01/05/2032;0;0;current;;;;273;24/10/2024;JLF;
15/05/2032;0;0;chlorophyll;;;;274;02/04/2025;JLF;
20/05/2032;0;0;microNekton;;;;274;01/07/2025;JLF;
01/06/2032;0;0;current;;;;275;24/10/2024;JLF;
15/06/2032;0;0;chlorophyll;;;;276;02/04/2025;JLF;
20/06/2032;0;0;microNekton;;;;276;01/07/2025;JLF;
01/07/2032;0;0;current;;;;277;24/10/2024;JLF;
14/07/2032;0;0;compute_energy;;;;46;03/04/2025;JLF;
15/07/2032;0;0;chlorophyll;;;;278;02/04/2025;JLF;
20/07/2032;0;0;microNekton;;;;278;01/07/2025;JLF;
01/08/2032;0;0;current;;;;279;24/10/2024;JLF;
15/08/2032;0;0;chlorophyll;;;;280;02/04/2025;JLF;
20/08/2032;0;0;microNekton;;;;280;01/07/2025;JLF;
01/09/2032;0;0;current;;;;281;24/10/2024;JLF;
15/09/2032;0;0;chlorophyll;;;;282;02/04/2025;JLF;
20/09/2032;0;0;microNekton;;;;282;01/07/2025;JLF;
01/10/2032;0;0;current;;;;283;24/10/2024;JLF;
14/10/2032;0;0;compute_energy;;;;47;03/04/2025;JLF;
15/10/2032;0;0;chlorophyll;;;;284;02/04/2025;JLF;
20/10/2032;0;0;microNekton;;;;284;01/07/2025;JLF;
01/11/2032;0;0;current;;;;285;24/10/2024;JLF;
15/11/2032;0;0;chlorophyll;;;;286;02/04/2025;JLF;
20/11/2032;0;0;microNekton;;;;286;01/07/2025;JLF;
01/12/2032;0;0;current;;;;287;24/10/2024;JLF;
15/12/2032;0;0;chlorophyll;;;;288;02/04/2025;JLF;
20/12/2032;0;0;microNekton;;;;288;01/07/2025;JLF;
01/01/2033;0;0;current;;;;289;24/10/2024;JLF;
14/01/2033;0;0;compute_energy;;;;48;03/04/2025;JLF;
15/01/2033;0;0;chlorophyll;;;;290;02/04/2025;JLF;
20/01/2033;0;0;microNekton;;;;290;01/07/2025;JLF;
01/02/2033;0;0;current;;;;291;24/10/2024;JLF;
15/02/2033;0;0;chlorophyll;;;;292;02/04/2025;JLF;
20/02/2033;0;0;microNekton;;;;292;01/07/2025;JLF;
01/03/2033;0;0;current;;;;293;24/10/2024;JLF;
15/03/2033;0;0;chlorophyll;;;;294;02/04/2025;JLF;
20/03/2033;0;0;microNekton;;;;294;01/07/2025;JLF;
01/04/2033;0;0;current;;;;295;24/10/2024;JLF;
14/04/2033;0;0;compute_energy;;;;49;03/04/2025;JLF;
15/04/2033;0;0;chlorophyll;;;;296;02/04/2025;JLF;
20/04/2033;0;0;microNekton;;;;296;01/07/2025;JLF;
01/05/2033;0;0;current;;;;297;24/10/2024;JLF;
15/05/2033;0;0;chlorophyll;;;;298;02/04/2025;JLF;
20/05/2033;0;0;microNekton;;;;298;01/07/2025;JLF;
01/06/2033;0;0;current;;;;299;24/10/2024;JLF;
15/06/2033;0;0;chlorophyll;;;;300;02/04/2025;JLF;
20/06/2033;0;0;microNekton;;;;300;01/07/2025;JLF;
01/07/2033;0;0;current;;;;301;24/10/2024;JLF;
14/07/2033;0;0;compute_energy;;;;50;03/04/2025;JLF;
15/07/2033;0;0;chlorophyll;;;;302;02/04/2025;JLF;
20/07/2033;0;0;microNekton;;;;302;01/07/2025;JLF;
01/08/2033;0;0;current;;;;303;24/10/2024;JLF;
15/08/2033;0;0;chlorophyll;;;;304;02/04/2025;JLF;
20/08/2033;0;0;microNekton;;;;304;01/07/2025;JLF;
01/09/2033;0;0;current;;;;305;24/10/2024;JLF;
15/09/2033;0;0;chlorophyll;;;;306;02/04/2025;JLF;
20/09/2033;0;0;microNekton;;;;306;01/07/2025;JLF;
01/10/2033;0;0;current;;;;307;24/10/2024;JLF;
14/10/2033;0;0;compute_energy;;;;51;03/04/2025;JLF;
15/10/2033;0;0;chlorophyll;;;;308;02/04/2025;JLF;
20/10/2033;0;0;microNekton;;;;308;01/07/2025;JLF;
01/11/2033;0;0;current;;;;309;24/10/2024;JLF;
15/11/2033;0;0;chlorophyll;;;;310;02/04/2025;JLF;
20/11/2033;0;0;microNekton;;;;310;01/07/2025;JLF;
01/12/2033;0;0;current;;;;311;24/10/2024;JLF;
15/12/2033;0;0;chlorophyll;;;;312;02/04/2025;JLF;
20/12/2033;0;0;microNekton;;;;312;01/07/2025;JLF;
01/01/2034;0;0;current;;;;313;24/10/2024;JLF;
14/01/2034;0;0;compute_energy;;;;52;03/04/2025;JLF;
15/01/2034;0;0;chlorophyll;;;;314;02/04/2025;JLF;
20/01/2034;0;0;microNekton;;;;314;01/07/2025;JLF;
01/02/2034;0;0;current;;;;315;24/10/2024;JLF;
15/02/2034;0;0;chlorophyll;;;;316;02/04/2025;JLF;
20/02/2034;0;0;microNekton;;;;316;01/07/2025;JLF;
01/03/2034;0;0;current;;;;317;24/10/2024;JLF;
15/03/2034;0;0;chlorophyll;;;;318;02/04/2025;JLF;
20/03/2034;0;0;microNekton;;;;318;01/07/2025;JLF;
01/04/2034;0;0;current;;;;319;24/10/2024;JLF;
14/04/2034;0;0;compute_energy;;;;53;03/04/2025;JLF;
15/04/2034;0;0;chlorophyll;;;;320;02/04/2025;JLF;
20/04/2034;0;0;microNekton;;;;320;01/07/2025;JLF;
01/05/2034;0;0;current;;;;321;24/10/2024;JLF;
15/05/2034;0;0;chlorophyll;;;;322;02/04/2025;JLF;
20/05/2034;0;0;microNekton;;;;322;01/07/2025;JLF;
01/06/2034;0;0;current;;;;323;24/10/2024;JLF;
15/06/2034;0;0;chlorophyll;;;;324;02/04/2025;JLF;
20/06/2034;0;0;microNekton;;;;324;01/07/2025;JLF;
01/07/2034;0;0;current;;;;325;24/10/2024;JLF;
14/07/2034;0;0;compute_energy;;;;54;03/04/2025;JLF;
15/07/2034;0;0;chlorophyll;;;;326;02/04/2025;JLF;
20/07/2034;0;0;microNekton;;;;326;01/07/2025;JLF;
01/08/2034;0;0;current;;;;327;24/10/2024;JLF;
15/08/2034;0;0;chlorophyll;;;;328;02/04/2025;JLF;
20/08/2034;0;0;microNekton;;;;328;01/07/2025;JLF;
01/09/2034;0;0;current;;;;329;24/10/2024;JLF;
15/09/2034;0;0;chlorophyll;;;;330;02/04/2025;JLF;
20/09/2034;0;0;microNekton;;;;330;01/07/2025;JLF;
01/10/2034;0;0;current;;;;331;24/10/2024;JLF;
14/10/2034;0;0;compute_energy;;;;55;03/04/2025;JLF;
15/10/2034;0;0;chlorophyll;;;;332;02/04/2025;JLF;
20/10/2034;0;0;microNekton;;;;332;01/07/2025;JLF;
01/11/2034;0;0;current;;;;333;24/10/2024;JLF;
15/11/2034;0;0;chlorophyll;;;;334;02/04/2025;JLF;
20/11/2034;0;0;microNekton;;;;334;01/07/2025;JLF;
01/12/2034;0;0;current;;;;335;24/10/2024;JLF;
15/12/2034;0;0;chlorophyll;;;;336;02/04/2025;JLF;
20/12/2034;0;0;microNekton;;;;336;01/07/2025;JLF;
01/01/2035;0;0;current;;;;337;24/10/2024;JLF;
14/01/2035;0;0;compute_energy;;;;56;03/04/2025;JLF;
15/01/2035;0;0;chlorophyll;;;;338;02/04/2025;JLF;
20/01/2035;0;0;microNekton;;;;338;01/07/2025;JLF;
01/02/2035;0;0;current;;;;339;24/10/2024;JLF;
15/02/2035;0;0;chlorophyll;;;;340;02/04/2025;JLF;
20/02/2035;0;0;microNekton;;;;340;01/07/2025;JLF;
01/03/2035;0;0;current;;;;341;24/10/2024;JLF;
15/03/2035;0;0;chlorophyll;;;;342;02/04/2025;JLF;
20/03/2035;0;0;microNekton;;;;342;01/07/2025;JLF;
01/04/2035;0;0;current;;;;343;24/10/2024;JLF;
14/04/2035;0;0;compute_energy;;;;57;03/04/2025;JLF;
15/04/2035;0;0;chlorophyll;;;;344;02/04/2025;JLF;
20/04/2035;0;0;microNekton;;;;344;01/07/2025;JLF;
01/05/2035;0;0;current;;;;345;24/10/2024;JLF;
15/05/2035;0;0;chlorophyll;;;;346;02/04/2025;JLF;
20/05/2035;0;0;microNekton;;;;346;01/07/2025;JLF;
01/06/2035;0;0;current;;;;347;24/10/2024;JLF;
15/06/2035;0;0;chlorophyll;;;;348;02/04/2025;JLF;
20/06/2035;0;0;microNekton;;;;348;01/07/2025;JLF;
01/07/2035;0;0;current;;;;349;24/10/2024;JLF;
14/07/2035;0;0;compute_energy;;;;58;03/04/2025;JLF;
15/07/2035;0;0;chlorophyll;;;;350;02/04/2025;JLF;
20/07/2035;0;0;microNekton;;;;350;01/07/2025;JLF;
01/08/2035;0;0;current;;;;351;24/10/2024;JLF;
15/08/2035;0;0;chlorophyll;;;;352;02/04/2025;JLF;
20/08/2035;0;0;microNekton;;;;352;01/07/2025;JLF;
01/09/2035;0;0;current;;;;353;24/10/2024;JLF;
15/09/2035;0;0;chlorophyll;;;;354;02/04/2025;JLF;
20/09/2035;0;0;microNekton;;;;354;01/07/2025;JLF;
01/10/2035;0;0;current;;;;355;24/10/2024;JLF;
14/10/2035;0;0;compute_energy;;;;59;03/04/2025;JLF;
15/10/2035;0;0;chlorophyll;;;;356;02/04/2025;JLF;
20/10/2035;0;0;microNekton;;;;356;01/07/2025;JLF;
01/11/2035;0;0;current;;;;357;24/10/2024;JLF;
15/11/2035;0;0;chlorophyll;;;;358;02/04/2025;JLF;
20/11/2035;0;0;microNekton;;;;358;01/07/2025;JLF;
01/12/2035;0;0;current;;;;359;24/10/2024;JLF;
15/12/2035;0;0;chlorophyll;;;;360;02/04/2025;JLF;
20/12/2035;0;0;microNekton;;;;360;01/07/2025;JLF;
01/01/2036;0;0;current;;;;361;24/10/2024;JLF;
14/01/2036;0;0;compute_energy;;;;60;03/04/2025;JLF;
15/01/2036;0;0;chlorophyll;;;;362;02/04/2025;JLF;
20/01/2036;0;0;microNekton;;;;362;01/07/2025;JLF;
01/02/2036;0;0;current;;;;363;24/10/2024;JLF;
15/02/2036;0;0;chlorophyll;;;;364;02/04/2025;JLF;
20/02/2036;0;0;microNekton;;;;364;01/07/2025;JLF;
01/03/2036;0;0;current;;;;365;24/10/2024;JLF;
15/03/2036;0;0;chlorophyll;;;;366;02/04/2025;JLF;
20/03/2036;0;0;microNekton;;;;366;01/07/2025;JLF;
01/04/2036;0;0;current;;;;367;24/10/2024;JLF;
14/04/2036;0;0;compute_energy;;;;61;03/04/2025;JLF;
15/04/2036;0;0;chlorophyll;;;;368;02/04/2025;JLF;
20/04/2036;0;0;microNekton;;;;368;01/07/2025;JLF;
01/05/2036;0;0;current;;;;369;24/10/2024;JLF;
15/05/2036;0;0;chlorophyll;;;;370;02/04/2025;JLF;
20/05/2036;0;0;microNekton;;;;370;01/07/2025;JLF;
01/06/2036;0;0;current;;;;371;24/10/2024;JLF;
15/06/2036;0;0;chlorophyll;;;;372;02/04/2025;JLF;
20/06/2036;0;0;microNekton;;;;372;01/07/2025;JLF;
01/07/2036;0;0;current;;;;373;24/10/2024;JLF;
14/07/2036;0;0;compute_energy;;;;62;03/04/2025;JLF;
15/07/2036;0;0;chlorophyll;;;;374;02/04/2025;JLF;
20/07/2036;0;0;microNekton;;;;374;01/07/2025;JLF;
01/08/2036;0;0;current;;;;375;24/10/2024;JLF;
15/08/2036;0;0;chlorophyll;;;;376;02/04/2025;JLF;
20/08/2036;0;0;microNekton;;;;376;01/07/2025;JLF;
01/09/2036;0;0;current;;;;377;24/10/2024;JLF;
15/09/2036;0;0;chlorophyll;;;;378;02/04/2025;JLF;
20/09/2036;0;0;microNekton;;;;378;01/07/2025;JLF;
01/10/2036;0;0;current;;;;379;24/10/2024;JLF;
14/10/2036;0;0;compute_energy;;;;63;03/04/2025;JLF;
15/10/2036;0;0;chlorophyll;;;;380;02/04/2025;JLF;
20/10/2036;0;0;microNekton;;;;380;01/07/2025;JLF;
01/11/2036;0;0;current;;;;381;24/10/2024;JLF;
15/11/2036;0;0;chlorophyll;;;;382;02/04/2025;JLF;
20/11/2036;0;0;microNekton;;;;382;01/07/2025;JLF;
01/12/2036;0;0;current;;;;383;24/10/2024;JLF;
15/12/2036;0;0;chlorophyll;;;;384;02/04/2025;JLF;
20/12/2036;0;0;microNekton;;;;384;01/07/2025;JLF;
01/01/2037;0;0;current;;;;385;24/10/2024;JLF;
14/01/2037;0;0;compute_energy;;;;64;03/04/2025;JLF;
15/01/2037;0;0;chlorophyll;;;;386;02/04/2025;JLF;
20/01/2037;0;0;microNekton;;;;386;01/07/2025;JLF;
01/02/2037;0;0;current;;;;387;24/10/2024;JLF;
15/02/2037;0;0;chlorophyll;;;;388;02/04/2025;JLF;
20/02/2037;0;0;microNekton;;;;388;01/07/2025;JLF;
01/03/2037;0;0;current;;;;389;24/10/2024;JLF;
15/03/2037;0;0;chlorophyll;;;;390;02/04/2025;JLF;
20/03/2037;0;0;microNekton;;;;390;01/07/2025;JLF;
01/04/2037;0;0;current;;;;391;24/10/2024;JLF;
14/04/2037;0;0;compute_energy;;;;65;03/04/2025;JLF;
15/04/2037;0;0;chlorophyll;;;;392;02/04/2025;JLF;
20/04/2037;0;0;microNekton;;;;392;01/07/2025;JLF;
01/05/2037;0;0;current;;;;393;24/10/2024;JLF;
15/05/2037;0;0;chlorophyll;;;;394;02/04/2025;JLF;
20/05/2037;0;0;microNekton;;;;394;01/07/2025;JLF;
01/06/2037;0;0;current;;;;395;24/10/2024;JLF;
15/06/2037;0;0;chlorophyll;;;;396;02/04/2025;JLF;
20/06/2037;0;0;microNekton;;;;396;01/07/2025;JLF;
01/07/2037;0;0;current;;;;397;24/10/2024;JLF;
14/07/2037;0;0;compute_energy;;;;66;03/04/2025;JLF;
15/07/2037;0;0;chlorophyll;;;;398;02/04/2025;JLF;
20/07/2037;0;0;microNekton;;;;398;01/07/2025;JLF;
01/08/2037;0;0;current;;;;399;24/10/2024;JLF;
15/08/2037;0;0;chlorophyll;;;;400;02/04/2025;JLF;
20/08/2037;0;0;microNekton;;;;400;01/07/2025;JLF;
01/09/2037;0;0;current;;;;401;24/10/2024;JLF;
15/09/2037;0;0;chlorophyll;;;;402;02/04/2025;JLF;
20/09/2037;0;0;microNekton;;;;402;01/07/2025;JLF;
01/10/2037;0;0;current;;;;403;24/10/2024;JLF;
14/10/2037;0;0;compute_energy;;;;67;03/04/2025;JLF;
15/10/2037;0;0;chlorophyll;;;;404;02/04/2025;JLF;
20/10/2037;0;0;microNekton;;;;404;01/07/2025;JLF;
01/11/2037;0;0;current;;;;405;24/10/2024;JLF;
15/11/2037;0;0;chlorophyll;;;;406;02/04/2025;JLF;
20/11/2037;0;0;microNekton;;;;406;01/07/2025;JLF;
01/12/2037;0;0;current;;;;407;24/10/2024;JLF;
15/12/2037;0;0;chlorophyll;;;;408;02/04/2025;JLF;
20/12/2037;0;0;microNekton;;;;408;01/07/2025;JLF;
01/01/2038;0;0;current;;;;409;24/10/2024;JLF;
14/01/2038;0;0;compute_energy;;;;68;03/04/2025;JLF;
15/01/2038;0;0;chlorophyll;;;;410;02/04/2025;JLF;
20/01/2038;0;0;microNekton;;;;410;01/07/2025;JLF;
01/02/2038;0;0;current;;;;411;24/10/2024;JLF;
15/02/2038;0;0;chlorophyll;;;;412;02/04/2025;JLF;
20/02/2038;0;0;microNekton;;;;412;01/07/2025;JLF;
01/03/2038;0;0;current;;;;413;24/10/2024;JLF;
15/03/2038;0;0;chlorophyll;;;;414;02/04/2025;JLF;
20/03/2038;0;0;microNekton;;;;414;01/07/2025;JLF;
01/04/2038;0;0;current;;;;415;24/10/2024;JLF;
14/04/2038;0;0;compute_energy;;;;69;03/04/2025;JLF;
15/04/2038;0;0;chlorophyll;;;;416;02/04/2025;JLF;
20/04/2038;0;0;microNekton;;;;416;01/07/2025;JLF;
01/05/2038;0;0;current;;;;417;24/10/2024;JLF;
15/05/2038;0;0;chlorophyll;;;;418;02/04/2025;JLF;
20/05/2038;0;0;microNekton;;;;418;01/07/2025;JLF;
01/06/2038;0;0;current;;;;419;24/10/2024;JLF;
15/06/2038;0;0;chlorophyll;;;;420;02/04/2025;JLF;
20/06/2038;0;0;microNekton;;;;420;01/07/2025;JLF;
01/07/2038;0;0;current;;;;421;24/10/2024;JLF;
14/07/2038;0;0;compute_energy;;;;70;03/04/2025;JLF;
15/07/2038;0;0;chlorophyll;;;;422;02/04/2025;JLF;
20/07/2038;0;0;microNekton;;;;422;01/07/2025;JLF;
01/08/2038;0;0;current;;;;423;24/10/2024;JLF;
15/08/2038;0;0;chlorophyll;;;;424;02/04/2025;JLF;
20/08/2038;0;0;microNekton;;;;424;01/07/2025;JLF;
01/09/2038;0;0;current;;;;425;24/10/2024;JLF;
15/09/2038;0;0;chlorophyll;;;;426;02/04/2025;JLF;
20/09/2038;0;0;microNekton;;;;426;01/07/2025;JLF;
01/10/2038;0;0;current;;;;427;24/10/2024;JLF;
14/10/2038;0;0;compute_energy;;;;71;03/04/2025;JLF;
15/10/2038;0;0;chlorophyll;;;;428;02/04/2025;JLF;
20/10/2038;0;0;microNekton;;;;428;01/07/2025;JLF;
01/11/2038;0;0;current;;;;429;24/10/2024;JLF;
15/11/2038;0;0;chlorophyll;;;;430;02/04/2025;JLF;
20/11/2038;0;0;microNekton;;;;430;01/07/2025;JLF;
01/12/2038;0;0;current;;;;431;24/10/2024;JLF;
15/12/2038;0;0;chlorophyll;;;;432;02/04/2025;JLF;
20/12/2038;0;0;microNekton;;;;432;01/07/2025;JLF;
01/01/2039;0;0;current;;;;433;24/10/2024;JLF;
14/01/2039;0;0;compute_energy;;;;72;03/04/2025;JLF;
15/01/2039;0;0;chlorophyll;;;;434;02/04/2025;JLF;
20/01/2039;0;0;microNekton;;;;434;01/07/2025;JLF;
01/02/2039;0;0;current;;;;435;24/10/2024;JLF;
15/02/2039;0;0;chlorophyll;;;;436;02/04/2025;JLF;
20/02/2039;0;0;microNekton;;;;436;01/07/2025;JLF;
01/03/2039;0;0;current;;;;437;24/10/2024;JLF;
15/03/2039;0;0;chlorophyll;;;;438;02/04/2025;JLF;
20/03/2039;0;0;microNekton;;;;438;01/07/2025;JLF;
01/04/2039;0;0;current;;;;439;24/10/2024;JLF;
14/04/2039;0;0;compute_energy;;;;73;03/04/2025;JLF;
15/04/2039;0;0;chlorophyll;;;;440;02/04/2025;JLF;
20/04/2039;0;0;microNekton;;;;440;01/07/2025;JLF;
01/05/2039;0;0;current;;;;441;24/10/2024;JLF;
15/05/2039;0;0;chlorophyll;;;;442;02/04/2025;JLF;
20/05/2039;0;0;microNekton;;;;442;01/07/2025;JLF;
01/06/2039;0;0;current;;;;443;24/10/2024;JLF;
15/06/2039;0;0;chlorophyll;;;;444;02/04/2025;JLF;
20/06/2039;0;0;microNekton;;;;444;01/07/2025;JLF;
01/07/2039;0;0;current;;;;445;24/10/2024;JLF;
14/07/2039;0;0;compute_energy;;;;74;03/04/2025;JLF;
15/07/2039;0;0;chlorophyll;;;;446;02/04/2025;JLF;
20/07/2039;0;0;microNekton;;;;446;01/07/2025;JLF;
01/08/2039;0;0;current;;;;447;24/10/2024;JLF;
15/08/2039;0;0;chlorophyll;;;;448;02/04/2025;JLF;
20/08/2039;0;0;microNekton;;;;448;01/07/2025;JLF;
01/09/2039;0;0;current;;;;449;24/10/2024;JLF;
15/09/2039;0;0;chlorophyll;;;;450;02/04/2025;JLF;
20/09/2039;0;0;microNekton;;;;450;01/07/2025;JLF;
01/10/2039;0;0;current;;;;451;24/10/2024;JLF;
14/10/2039;0;0;compute_energy;;;;75;03/04/2025;JLF;
15/10/2039;0;0;chlorophyll;;;;452;02/04/2025;JLF;
20/10/2039;0;0;microNekton;;;;452;01/07/2025;JLF;
01/11/2039;0;0;current;;;;453;24/10/2024;JLF;
15/11/2039;0;0;chlorophyll;;;;454;02/04/2025;JLF;
20/11/2039;0;0;microNekton;;;;454;01/07/2025;JLF;
01/12/2039;0;0;current;;;;455;24/10/2024;JLF;
15/12/2039;0;0;chlorophyll;;;;456;02/04/2025;JLF;
20/12/2039;0;0;microNekton;;;;456;01/07/2025;JLF;
01/01/2040;0;0;current;;;;457;24/10/2024;JLF;
14/01/2040;0;0;compute_energy;;;;76;03/04/2025;JLF;
15/01/2040;0;0;chlorophyll;;;;458;02/04/2025;JLF;
20/01/2040;0;0;microNekton;;;;458;01/07/2025;JLF;
01/02/2040;0;0;current;;;;459;24/10/2024;JLF;
15/02/2040;0;0;chlorophyll;;;;460;02/04/2025;JLF;
20/02/2040;0;0;microNekton;;;;460;01/07/2025;JLF;
01/03/2040;0;0;current;;;;461;24/10/2024;JLF;
15/03/2040;0;0;chlorophyll;;;;462;02/04/2025;JLF;
20/03/2040;0;0;microNekton;;;;462;01/07/2025;JLF;
01/04/2040;0;0;current;;;;463;24/10/2024;JLF;
14/04/2040;0;0;compute_energy;;;;77;03/04/2025;JLF;
15/04/2040;0;0;chlorophyll;;;;464;02/04/2025;JLF;
20/04/2040;0;0;microNekton;;;;464;01/07/2025;JLF;
01/05/2040;0;0;current;;;;465;24/10/2024;JLF;
15/05/2040;0;0;chlorophyll;;;;466;02/04/2025;JLF;
20/05/2040;0;0;microNekton;;;;466;01/07/2025;JLF;
01/06/2040;0;0;current;;;;467;24/10/2024;JLF;
15/06/2040;0;0;chlorophyll;;;;468;02/04/2025;JLF;
20/06/2040;0;0;microNekton;;;;468;01/07/2025;JLF;
01/07/2040;0;0;current;;;;469;24/10/2024;JLF;
14/07/2040;0;0;compute_energy;;;;78;03/04/2025;JLF;
15/07/2040;0;0;chlorophyll;;;;470;02/04/2025;JLF;
20/07/2040;0;0;microNekton;;;;470;01/07/2025;JLF;
01/08/2040;0;0;current;;;;471;24/10/2024;JLF;
15/08/2040;0;0;chlorophyll;;;;472;02/04/2025;JLF;
20/08/2040;0;0;microNekton;;;;472;01/07/2025;JLF;
01/09/2040;0;0;current;;;;473;24/10/2024;JLF;
15/09/2040;0;0;chlorophyll;;;;474;02/04/2025;JLF;
20/09/2040;0;0;microNekton;;;;474;01/07/2025;JLF;
01/10/2040;0;0;current;;;;475;24/10/2024;JLF;
14/10/2040;0;0;compute_energy;;;;79;03/04/2025;JLF;
15/10/2040;0;0;chlorophyll;;;;476;02/04/2025;JLF;
20/10/2040;0;0;microNekton;;;;476;01/07/2025;JLF;
01/11/2040;0;0;current;;;;477;24/10/2024;JLF;
15/11/2040;0;0;chlorophyll;;;;478;02/04/2025;JLF;
20/11/2040;0;0;microNekton;;;;478;01/07/2025;JLF;
01/12/2040;0;0;current;;;;479;24/10/2024;JLF;
15/12/2040;0;0;chlorophyll;;;;480;02/04/2025;JLF;
20/12/2040;0;0;microNekton;;;;480;01/07/2025;JLF;
01/01/2041;0;0;current;;;;481;24/10/2024;JLF;
14/01/2041;0;0;compute_energy;;;;80;03/04/2025;JLF;
15/01/2041;0;0;chlorophyll;;;;482;02/04/2025;JLF;
20/01/2041;0;0;microNekton;;;;482;01/07/2025;JLF;
01/02/2041;0;0;current;;;;483;24/10/2024;JLF;
15/02/2041;0;0;chlorophyll;;;;484;02/04/2025;JLF;
20/02/2041;0;0;microNekton;;;;484;01/07/2025;JLF;
01/03/2041;0;0;current;;;;485;24/10/2024;JLF;
15/03/2041;0;0;chlorophyll;;;;486;02/04/2025;JLF;
20/03/2041;0;0;microNekton;;;;486;01/07/2025;JLF;
01/04/2041;0;0;current;;;;487;24/10/2024;JLF;
14/04/2041;0;0;compute_energy;;;;81;03/04/2025;JLF;
15/04/2041;0;0;chlorophyll;;;;488;02/04/2025;JLF;
20/04/2041;0;0;microNekton;;;;488;01/07/2025;JLF;
01/05/2041;0;0;current;;;;489;24/10/2024;JLF;
15/05/2041;0;0;chlorophyll;;;;490;02/04/2025;JLF;
20/05/2041;0;0;microNekton;;;;490;01/07/2025;JLF;
01/06/2041;0;0;current;;;;491;24/10/2024;JLF;
15/06/2041;0;0;chlorophyll;;;;492;02/04/2025;JLF;
20/06/2041;0;0;microNekton;;;;492;01/07/2025;JLF;
01/07/2041;0;0;current;;;;493;24/10/2024;JLF;
14/07/2041;0;0;compute_energy;;;;82;03/04/2025;JLF;
15/07/2041;0;0;chlorophyll;;;;494;02/04/2025;JLF;
20/07/2041;0;0;microNekton;;;;494;01/07/2025;JLF;
01/08/2041;0;0;current;;;;495;24/10/2024;JLF;
15/08/2041;0;0;chlorophyll;;;;496;02/04/2025;JLF;
20/08/2041;0;0;microNekton;;;;496;01/07/2025;JLF;
01/09/2041;0;0;current;;;;497;24/10/2024;JLF;
15/09/2041;0;0;chlorophyll;;;;498;02/04/2025;JLF;
20/09/2041;0;0;microNekton;;;;498;01/07/2025;JLF;
01/10/2041;0;0;current;;;;499;24/10/2024;JLF;
14/10/2041;0;0;compute_energy;;;;83;03/04/2025;JLF;
15/10/2041;0;0;chlorophyll;;;;500;02/04/2025;JLF;
20/10/2041;0;0;microNekton;;;;500;01/07/2025;JLF;
01/11/2041;0;0;current;;;;501;24/10/2024;JLF;
15/11/2041;0;0;chlorophyll;;;;502;02/04/2025;JLF;
20/11/2041;0;0;microNekton;;;;502;01/07/2025;JLF;
01/12/2041;0;0;current;;;;503;24/10/2024;JLF;
15/12/2041;0;0;chlorophyll;;;;504;02/04/2025;JLF;
20/12/2041;0;0;microNekton;;;;504;01/07/2025;JLF;
01/01/2042;0;0;current;;;;505;24/10/2024;JLF;
14/01/2042;0;0;compute_energy;;;;84;03/04/2025;JLF;
15/01/2042;0;0;chlorophyll;;;;506;02/04/2025;JLF;
20/01/2042;0;0;microNekton;;;;506;01/07/2025;JLF;
01/02/2042;0;0;current;;;;507;24/10/2024;JLF;
15/02/2042;0;0;chlorophyll;;;;508;02/04/2025;JLF;
20/02/2042;0;0;microNekton;;;;508;01/07/2025;JLF;
01/03/2042;0;0;current;;;;509;24/10/2024;JLF;
15/03/2042;0;0;chlorophyll;;;;510;02/04/2025;JLF;
20/03/2042;0;0;microNekton;;;;510;01/07/2025;JLF;
01/04/2042;0;0;current;;;;511;24/10/2024;JLF;
14/04/2042;0;0;compute_energy;;;;85;03/04/2025;JLF;
15/04/2042;0;0;chlorophyll;;;;512;02/04/2025;JLF;
20/04/2042;0;0;microNekton;;;;512;01/07/2025;JLF;
01/05/2042;0;0;current;;;;513;24/10/2024;JLF;
15/05/2042;0;0;chlorophyll;;;;514;02/04/2025;JLF;
20/05/2042;0;0;microNekton;;;;514;01/07/2025;JLF;
01/06/2042;0;0;current;;;;515;24/10/2024;JLF;
15/06/2042;0;0;chlorophyll;;;;516;02/04/2025;JLF;
20/06/2042;0;0;microNekton;;;;516;01/07/2025;JLF;
01/07/2042;0;0;current;;;;517;24/10/2024;JLF;
14/07/2042;0;0;compute_energy;;;;86;03/04/2025;JLF;
15/07/2042;0;0;chlorophyll;;;;518;02/04/2025;JLF;
20/07/2042;0;0;microNekton;;;;518;01/07/2025;JLF;
01/08/2042;0;0;current;;;;519;24/10/2024;JLF;
15/08/2042;0;0;chlorophyll;;;;520;02/04/2025;JLF;
20/08/2042;0;0;microNekton;;;;520;01/07/2025;JLF;
01/09/2042;0;0;current;;;;521;24/10/2024;JLF;
15/09/2042;0;0;chlorophyll;;;;522;02/04/2025;JLF;
20/09/2042;0;0;microNekton;;;;522;01/07/2025;JLF;
01/10/2042;0;0;current;;;;523;24/10/2024;JLF;
14/10/2042;0;0;compute_energy;;;;87;03/04/2025;JLF;
15/10/2042;0;0;chlorophyll;;;;524;02/04/2025;JLF;
20/10/2042;0;0;microNekton;;;;524;01/07/2025;JLF;
01/11/2042;0;0;current;;;;525;24/10/2024;JLF;
15/11/2042;0;0;chlorophyll;;;;526;02/04/2025;JLF;
20/11/2042;0;0;microNekton;;;;526;01/07/2025;JLF;
01/12/2042;0;0;current;;;;527;24/10/2024;JLF;
15/12/2042;0;0;chlorophyll;;;;528;02/04/2025;JLF;
20/12/2042;0;0;microNekton;;;;528;01/07/2025;JLF;
01/01/2043;0;0;current;;;;529;24/10/2024;JLF;
14/01/2043;0;0;compute_energy;;;;88;03/04/2025;JLF;
15/01/2043;0;0;chlorophyll;;;;530;02/04/2025;JLF;
20/01/2043;0;0;microNekton;;;;530;01/07/2025;JLF;
01/02/2043;0;0;current;;;;531;24/10/2024;JLF;
15/02/2043;0;0;chlorophyll;;;;532;02/04/2025;JLF;
20/02/2043;0;0;microNekton;;;;532;01/07/2025;JLF;
01/03/2043;0;0;current;;;;533;24/10/2024;JLF;
15/03/2043;0;0;chlorophyll;;;;534;02/04/2025;JLF;
20/03/2043;0;0;microNekton;;;;534;01/07/2025;JLF;
01/04/2043;0;0;current;;;;535;24/10/2024;JLF;
14/04/2043;0;0;compute_energy;;;;89;03/04/2025;JLF;
15/04/2043;0;0;chlorophyll;;;;536;02/04/2025;JLF;
20/04/2043;0;0;microNekton;;;;536;01/07/2025;JLF;
01/05/2043;0;0;current;;;;537;24/10/2024;JLF;
15/05/2043;0;0;chlorophyll;;;;538;02/04/2025;JLF;
20/05/2043;0;0;microNekton;;;;538;01/07/2025;JLF;
01/06/2043;0;0;current;;;;539;24/10/2024;JLF;
15/06/2043;0;0;chlorophyll;;;;540;02/04/2025;JLF;
20/06/2043;0;0;microNekton;;;;540;01/07/2025;JLF;
01/07/2043;0;0;current;;;;541;24/10/2024;JLF;
14/07/2043;0;0;compute_energy;;;;90;03/04/2025;JLF;
15/07/2043;0;0;chlorophyll;;;;542;02/04/2025;JLF;
20/07/2043;0;0;microNekton;;;;542;01/07/2025;JLF;
01/08/2043;0;0;current;;;;543;24/10/2024;JLF;
15/08/2043;0;0;chlorophyll;;;;544;02/04/2025;JLF;
20/08/2043;0;0;microNekton;;;;544;01/07/2025;JLF;
01/09/2043;0;0;current;;;;545;24/10/2024;JLF;
15/09/2043;0;0;chlorophyll;;;;546;02/04/2025;JLF;
20/09/2043;0;0;microNekton;;;;546;01/07/2025;JLF;
01/10/2043;0;0;current;;;;547;24/10/2024;JLF;
14/10/2043;0;0;compute_energy;;;;91;03/04/2025;JLF;
15/10/2043;0;0;chlorophyll;;;;548;02/04/2025;JLF;
20/10/2043;0;0;microNekton;;;;548;01/07/2025;JLF;
01/11/2043;0;0;current;;;;549;24/10/2024;JLF;
15/11/2043;0;0;chlorophyll;;;;550;02/04/2025;JLF;
20/11/2043;0;0;microNekton;;;;550;01/07/2025;JLF;
01/12/2043;0;0;current;;;;551;24/10/2024;JLF;
15/12/2043;0;0;chlorophyll;;;;552;02/04/2025;JLF;
20/12/2043;0;0;microNekton;;;;552;01/07/2025;JLF;
01/01/2044;0;0;current;;;;553;24/10/2024;JLF;
14/01/2044;0;0;compute_energy;;;;92;03/04/2025;JLF;
15/01/2044;0;0;chlorophyll;;;;554;02/04/2025;JLF;
20/01/2044;0;0;microNekton;;;;554;01/07/2025;JLF;
01/02/2044;0;0;current;;;;555;24/10/2024;JLF;
15/02/2044;0;0;chlorophyll;;;;556;02/04/2025;JLF;
20/02/2044;0;0;microNekton;;;;556;01/07/2025;JLF;
01/03/2044;0;0;current;;;;557;24/10/2024;JLF;
15/03/2044;0;0;chlorophyll;;;;558;02/04/2025;JLF;
20/03/2044;0;0;microNekton;;;;558;01/07/2025;JLF;
01/04/2044;0;0;current;;;;559;24/10/2024;JLF;
14/04/2044;0;0;compute_energy;;;;93;03/04/2025;JLF;
15/04/2044;0;0;chlorophyll;;;;560;02/04/2025;JLF;
20/04/2044;0;0;microNekton;;;;560;01/07/2025;JLF;
01/05/2044;0;0;current;;;;561;24/10/2024;JLF;
15/05/2044;0;0;chlorophyll;;;;562;02/04/2025;JLF;
20/05/2044;0;0;microNekton;;;;562;01/07/2025;JLF;
01/06/2044;0;0;current;;;;563;24/10/2024;JLF;
15/06/2044;0;0;chlorophyll;;;;564;02/04/2025;JLF;
20/06/2044;0;0;microNekton;;;;564;01/07/2025;JLF;
01/07/2044;0;0;current;;;;565;24/10/2024;JLF;
14/07/2044;0;0;compute_energy;;;;94;03/04/2025;JLF;
15/07/2044;0;0;chlorophyll;;;;566;02/04/2025;JLF;
20/07/2044;0;0;microNekton;;;;566;01/07/2025;JLF;
01/08/2044;0;0;current;;;;567;24/10/2024;JLF;
15/08/2044;0;0;chlorophyll;;;;568;02/04/2025;JLF;
20/08/2044;0;0;microNekton;;;;568;01/07/2025;JLF;
01/09/2044;0;0;current;;;;569;24/10/2024;JLF;
15/09/2044;0;0;chlorophyll;;;;570;02/04/2025;JLF;
20/09/2044;0;0;microNekton;;;;570;01/07/2025;JLF;
01/10/2044;0;0;current;;;;571;24/10/2024;JLF;
14/10/2044;0;0;compute_energy;;;;95;03/04/2025;JLF;
15/10/2044;0;0;chlorophyll;;;;572;02/04/2025;JLF;
20/10/2044;0;0;microNekton;;;;572;01/07/2025;JLF;
01/11/2044;0;0;current;;;;573;24/10/2024;JLF;
15/11/2044;0;0;chlorophyll;;;;574;02/04/2025;JLF;
20/11/2044;0;0;microNekton;;;;574;01/07/2025;JLF;
01/12/2044;0;0;current;;;;575;24/10/2024;JLF;
15/12/2044;0;0;chlorophyll;;;;576;02/04/2025;JLF;
20/12/2044;0;0;microNekton;;;;576;01/07/2025;JLF;
01/01/2045;0;0;current;;;;577;24/10/2024;JLF;
14/01/2045;0;0;compute_energy;;;;96;03/04/2025;JLF;
15/01/2045;0;0;chlorophyll;;;;578;02/04/2025;JLF;
20/01/2045;0;0;microNekton;;;;578;01/07/2025;JLF;
01/02/2045;0;0;current;;;;579;24/10/2024;JLF;
15/02/2045;0;0;chlorophyll;;;;580;02/04/2025;JLF;
20/02/2045;0;0;microNekton;;;;580;01/07/2025;JLF;
01/03/2045;0;0;current;;;;581;24/10/2024;JLF;
15/03/2045;0;0;chlorophyll;;;;582;02/04/2025;JLF;
20/03/2045;0;0;microNekton;;;;582;01/07/2025;JLF;
01/04/2045;0;0;current;;;;583;24/10/2024;JLF;
14/04/2045;0;0;compute_energy;;;;97;03/04/2025;JLF;
15/04/2045;0;0;chlorophyll;;;;584;02/04/2025;JLF;
20/04/2045;0;0;microNekton;;;;584;01/07/2025;JLF;
01/05/2045;0;0;current;;;;585;24/10/2024;JLF;
15/05/2045;0;0;chlorophyll;;;;586;02/04/2025;JLF;
20/05/2045;0;0;microNekton;;;;586;01/07/2025;JLF;
01/06/2045;0;0;current;;;;587;24/10/2024;JLF;
15/06/2045;0;0;chlorophyll;;;;588;02/04/2025;JLF;
20/06/2045;0;0;microNekton;;;;588;01/07/2025;JLF;
01/07/2045;0;0;current;;;;589;24/10/2024;JLF;
14/07/2045;0;0;compute_energy;;;;98;03/04/2025;JLF;
15/07/2045;0;0;chlorophyll;;;;590;02/04/2025;JLF;
20/07/2045;0;0;microNekton;;;;590;01/07/2025;JLF;
01/08/2045;0;0;current;;;;591;24/10/2024;JLF;
15/08/2045;0;0;chlorophyll;;;;592;02/04/2025;JLF;
20/08/2045;0;0;microNekton;;;;592;01/07/2025;JLF;
01/09/2045;0;0;current;;;;593;24/10/2024;JLF;
15/09/2045;0;0;chlorophyll;;;;594;02/04/2025;JLF;
20/09/2045;0;0;microNekton;;;;594;01/07/2025;JLF;
01/10/2045;0;0;current;;;;595;24/10/2024;JLF;
14/10/2045;0;0;compute_energy;;;;99;03/04/2025;JLF;
15/10/2045;0;0;chlorophyll;;;;596;02/04/2025;JLF;
20/10/2045;0;0;microNekton;;;;596;01/07/2025;JLF;
01/11/2045;0;0;current;;;;597;24/10/2024;JLF;
15/11/2045;0;0;chlorophyll;;;;598;02/04/2025;JLF;
20/11/2045;0;0;microNekton;;;;598;01/07/2025;JLF;
01/12/2045;0;0;current;;;;599;24/10/2024;JLF;
15/12/2045;0;0;chlorophyll;;;;600;02/04/2025;JLF;
20/12/2045;0;0;microNekton;;;;600;01/07/2025;JLF;
01/01/2046;0;0;current;;;;601;24/10/2024;JLF;
14/01/2046;0;0;compute_energy;;;;100;03/04/2025;JLF;
15/01/2046;0;0;chlorophyll;;;;602;02/04/2025;JLF;
20/01/2046;0;0;microNekton;;;;602;01/07/2025;JLF;
01/02/2046;0;0;current;;;;603;24/10/2024;JLF;
15/02/2046;0;0;chlorophyll;;;;604;02/04/2025;JLF;
20/02/2046;0;0;microNekton;;;;604;01/07/2025;JLF;
01/03/2046;0;0;current;;;;605;24/10/2024;JLF;
15/03/2046;0;0;chlorophyll;;;;606;02/04/2025;JLF;
20/03/2046;0;0;microNekton;;;;606;01/07/2025;JLF;
01/04/2046;0;0;current;;;;607;24/10/2024;JLF;
14/04/2046;0;0;compute_energy;;;;101;03/04/2025;JLF;
15/04/2046;0;0;chlorophyll;;;;608;02/04/2025;JLF;
20/04/2046;0;0;microNekton;;;;608;01/07/2025;JLF;
01/05/2046;0;0;current;;;;609;24/10/2024;JLF;
15/05/2046;0;0;chlorophyll;;;;610;02/04/2025;JLF;
20/05/2046;0;0;microNekton;;;;610;01/07/2025;JLF;
01/06/2046;0;0;current;;;;611;24/10/2024;JLF;
15/06/2046;0;0;chlorophyll;;;;612;02/04/2025;JLF;
20/06/2046;0;0;microNekton;;;;612;01/07/2025;JLF;
01/07/2046;0;0;current;;;;613;24/10/2024;JLF;
14/07/2046;0;0;compute_energy;;;;102;03/04/2025;JLF;
15/07/2046;0;0;chlorophyll;;;;614;02/04/2025;JLF;
20/07/2046;0;0;microNekton;;;;614;01/07/2025;JLF;
01/08/2046;0;0;current;;;;615;24/10/2024;JLF;
15/08/2046;0;0;chlorophyll;;;;616;02/04/2025;JLF;
20/08/2046;0;0;microNekton;;;;616;01/07/2025;JLF;
01/09/2046;0;0;current;;;;617;24/10/2024;JLF;
15/09/2046;0;0;chlorophyll;;;;618;02/04/2025;JLF;
20/09/2046;0;0;microNekton;;;;618;01/07/2025;JLF;
01/10/2046;0;0;current;;;;619;24/10/2024;JLF;
14/10/2046;0;0;compute_energy;;;;103;03/04/2025;JLF;
15/10/2046;0;0;chlorophyll;;;;620;02/04/2025;JLF;
20/10/2046;0;0;microNekton;;;;620;01/07/2025;JLF;
01/11/2046;0;0;current;;;;621;24/10/2024;JLF;
15/11/2046;0;0;chlorophyll;;;;622;02/04/2025;JLF;
20/11/2046;0;0;microNekton;;;;622;01/07/2025;JLF;
01/12/2046;0;0;current;;;;623;24/10/2024;JLF;
15/12/2046;0;0;chlorophyll;;;;624;02/04/2025;JLF;
20/12/2046;0;0;microNekton;;;;624;01/07/2025;JLF;
01/01/2047;0;0;current;;;;625;24/10/2024;JLF;
14/01/2047;0;0;compute_energy;;;;104;03/04/2025;JLF;
15/01/2047;0;0;chlorophyll;;;;626;02/04/2025;JLF;
20/01/2047;0;0;microNekton;;;;626;01/07/2025;JLF;
01/02/2047;0;0;current;;;;627;24/10/2024;JLF;
15/02/2047;0;0;chlorophyll;;;;628;02/04/2025;JLF;
20/02/2047;0;0;microNekton;;;;628;01/07/2025;JLF;
01/03/2047;0;0;current;;;;629;24/10/2024;JLF;
15/03/2047;0;0;chlorophyll;;;;630;02/04/2025;JLF;
20/03/2047;0;0;microNekton;;;;630;01/07/2025;JLF;
01/04/2047;0;0;current;;;;631;24/10/2024;JLF;
14/04/2047;0;0;compute_energy;;;;105;03/04/2025;JLF;
15/04/2047;0;0;chlorophyll;;;;632;02/04/2025;JLF;
20/04/2047;0;0;microNekton;;;;632;01/07/2025;JLF;
01/05/2047;0;0;current;;;;633;24/10/2024;JLF;
15/05/2047;0;0;chlorophyll;;;;634;02/04/2025;JLF;
20/05/2047;0;0;microNekton;;;;634;01/07/2025;JLF;
01/06/2047;0;0;current;;;;635;24/10/2024;JLF;
15/06/2047;0;0;chlorophyll;;;;636;02/04/2025;JLF;
20/06/2047;0;0;microNekton;;;;636;01/07/2025;JLF;
01/07/2047;0;0;current;;;;637;24/10/2024;JLF;
14/07/2047;0;0;compute_energy;;;;106;03/04/2025;JLF;
15/07/2047;0;0;chlorophyll;;;;638;02/04/2025;JLF;
20/07/2047;0;0;microNekton;;;;638;01/07/2025;JLF;
01/08/2047;0;0;current;;;;639;24/10/2024;JLF;
15/08/2047;0;0;chlorophyll;;;;640;02/04/2025;JLF;
20/08/2047;0;0;microNekton;;;;640;01/07/2025;JLF;
01/09/2047;0;0;current;;;;641;24/10/2024;JLF;
15/09/2047;0;0;chlorophyll;;;;642;02/04/2025;JLF;
20/09/2047;0;0;microNekton;;;;642;01/07/2025;JLF;
01/10/2047;0;0;current;;;;643;24/10/2024;JLF;
14/10/2047;0;0;compute_energy;;;;107;03/04/2025;JLF;
15/10/2047;0;0;chlorophyll;;;;644;02/04/2025;JLF;
20/10/2047;0;0;microNekton;;;;644;01/07/2025;JLF;
01/11/2047;0;0;current;;;;645;24/10/2024;JLF;
15/11/2047;0;0;chlorophyll;;;;646;02/04/2025;JLF;
20/11/2047;0;0;microNekton;;;;646;01/07/2025;JLF;
01/12/2047;0;0;current;;;;647;24/10/2024;JLF;
15/12/2047;0;0;chlorophyll;;;;648;02/04/2025;JLF;
20/12/2047;0;0;microNekton;;;;648;01/07/2025;JLF;
01/01/2048;0;0;current;;;;649;24/10/2024;JLF;
14/01/2048;0;0;compute_energy;;;;108;03/04/2025;JLF;
15/01/2048;0;0;chlorophyll;;;;650;02/04/2025;JLF;
20/01/2048;0;0;microNekton;;;;650;01/07/2025;JLF;
01/02/2048;0;0;current;;;;651;24/10/2024;JLF;
15/02/2048;0;0;chlorophyll;;;;652;02/04/2025;JLF;
20/02/2048;0;0;microNekton;;;;652;01/07/2025;JLF;
01/03/2048;0;0;current;;;;653;24/10/2024;JLF;
15/03/2048;0;0;chlorophyll;;;;654;02/04/2025;JLF;
20/03/2048;0;0;microNekton;;;;654;01/07/2025;JLF;
01/04/2048;0;0;current;;;;655;24/10/2024;JLF;
14/04/2048;0;0;compute_energy;;;;109;03/04/2025;JLF;
15/04/2048;0;0;chlorophyll;;;;656;02/04/2025;JLF;
20/04/2048;0;0;microNekton;;;;656;01/07/2025;JLF;
01/05/2048;0;0;current;;;;657;24/10/2024;JLF;
15/05/2048;0;0;chlorophyll;;;;658;02/04/2025;JLF;
20/05/2048;0;0;microNekton;;;;658;01/07/2025;JLF;
01/06/2048;0;0;current;;;;659;24/10/2024;JLF;
15/06/2048;0;0;chlorophyll;;;;660;02/04/2025;JLF;
20/06/2048;0;0;microNekton;;;;660;01/07/2025;JLF;
01/07/2048;0;0;current;;;;661;24/10/2024;JLF;
14/07/2048;0;0;compute_energy;;;;110;03/04/2025;JLF;
15/07/2048;0;0;chlorophyll;;;;662;02/04/2025;JLF;
20/07/2048;0;0;microNekton;;;;662;01/07/2025;JLF;
01/08/2048;0;0;current;;;;663;24/10/2024;JLF;
15/08/2048;0;0;chlorophyll;;;;664;02/04/2025;JLF;
20/08/2048;0;0;microNekton;;;;664;01/07/2025;JLF;
01/09/2048;0;0;current;;;;665;24/10/2024;JLF;
15/09/2048;0;0;chlorophyll;;;;666;02/04/2025;JLF;
20/09/2048;0;0;microNekton;;;;666;01/07/2025;JLF;
01/10/2048;0;0;current;;;;667;24/10/2024;JLF;
14/10/2048;0;0;compute_energy;;;;111;03/04/2025;JLF;
15/10/2048;0;0;chlorophyll;;;;668;02/04/2025;JLF;
20/10/2048;0;0;microNekton;;;;668;01/07/2025;JLF;
01/11/2048;0;0;current;;;;669;24/10/2024;JLF;
15/11/2048;0;0;chlorophyll;;;;670;02/04/2025;JLF;
20/11/2048;0;0;microNekton;;;;670;01/07/2025;JLF;
01/12/2048;0;0;current;;;;671;24/10/2024;JLF;
15/12/2048;0;0;chlorophyll;;;;672;02/04/2025;JLF;
20/12/2048;0;0;microNekton;;;;672;01/07/2025;JLF;
01/01/2049;0;0;current;;;;673;24/10/2024;JLF;
14/01/2049;0;0;compute_energy;;;;112;03/04/2025;JLF;
15/01/2049;0;0;chlorophyll;;;;674;02/04/2025;JLF;
20/01/2049;0;0;microNekton;;;;674;01/07/2025;JLF;
01/02/2049;0;0;current;;;;675;24/10/2024;JLF;
15/02/2049;0;0;chlorophyll;;;;676;02/04/2025;JLF;
20/02/2049;0;0;microNekton;;;;676;01/07/2025;JLF;
01/03/2049;0;0;current;;;;677;24/10/2024;JLF;
15/03/2049;0;0;chlorophyll;;;;678;02/04/2025;JLF;
20/03/2049;0;0;microNekton;;;;678;01/07/2025;JLF;
01/04/2049;0;0;current;;;;679;24/10/2024;JLF;
14/04/2049;0;0;compute_energy;;;;113;03/04/2025;JLF;
15/04/2049;0;0;chlorophyll;;;;680;02/04/2025;JLF;
20/04/2049;0;0;microNekton;;;;680;01/07/2025;JLF;
01/05/2049;0;0;current;;;;681;24/10/2024;JLF;
15/05/2049;0;0;chlorophyll;;;;682;02/04/2025;JLF;
20/05/2049;0;0;microNekton;;;;682;01/07/2025;JLF;
01/06/2049;0;0;current;;;;683;24/10/2024;JLF;
15/06/2049;0;0;chlorophyll;;;;684;02/04/2025;JLF;
20/06/2049;0;0;microNekton;;;;684;01/07/2025;JLF;
01/07/2049;0;0;current;;;;685;24/10/2024;JLF;
14/07/2049;0;0;compute_energy;;;;114;03/04/2025;JLF;
15/07/2049;0;0;chlorophyll;;;;686;02/04/2025;JLF;
20/07/2049;0;0;microNekton;;;;686;01/07/2025;JLF;
01/08/2049;0;0;current;;;;687;24/10/2024;JLF;
15/08/2049;0;0;chlorophyll;;;;688;02/04/2025;JLF;
20/08/2049;0;0;microNekton;;;;688;01/07/2025;JLF;
01/09/2049;0;0;current;;;;689;24/10/2024;JLF;
15/09/2049;0;0;chlorophyll;;;;690;02/04/2025;JLF;
20/09/2049;0;0;microNekton;;;;690;01/07/2025;JLF;
01/10/2049;0;0;current;;;;691;24/10/2024;JLF;
14/10/2049;0;0;compute_energy;;;;115;03/04/2025;JLF;
15/10/2049;0;0;chlorophyll;;;;692;02/04/2025;JLF;
20/10/2049;0;0;microNekton;;;;692;01/07/2025;JLF;
01/11/2049;0;0;current;;;;693;24/10/2024;JLF;
15/11/2049;0;0;chlorophyll;;;;694;02/04/2025;JLF;
20/11/2049;0;0;microNekton;;;;694;01/07/2025;JLF;
01/12/2049;0;0;current;;;;695;24/10/2024;JLF;
15/12/2049;0;0;chlorophyll;;;;696;02/04/2025;JLF;
20/12/2049;0;0;microNekton;;;;696;01/07/2025;JLF;
01/01/2050;0;0;current;;;;697;24/10/2024;JLF;
14/01/2050;0;0;compute_energy;;;;116;03/04/2025;JLF;
15/01/2050;0;0;chlorophyll;;;;698;02/04/2025;JLF;
20/01/2050;0;0;microNekton;;;;698;01/07/2025;JLF;
01/02/2050;0;0;current;;;;699;24/10/2024;JLF;
15/02/2050;0;0;chlorophyll;;;;700;02/04/2025;JLF;
20/02/2050;0;0;microNekton;;;;700;01/07/2025;JLF;
01/03/2050;0;0;current;;;;701;24/10/2024;JLF;
15/03/2050;0;0;chlorophyll;;;;702;02/04/2025;JLF;
20/03/2050;0;0;microNekton;;;;702;01/07/2025;JLF;
01/04/2050;0;0;current;;;;703;24/10/2024;JLF;
14/04/2050;0;0;compute_energy;;;;117;03/04/2025;JLF;
15/04/2050;0;0;chlorophyll;;;;704;02/04/2025;JLF;
20/04/2050;0;0;microNekton;;;;704;01/07/2025;JLF;
01/05/2050;0;0;current;;;;705;24/10/2024;JLF;
15/05/2050;0;0;chlorophyll;;;;706;02/04/2025;JLF;
20/05/2050;0;0;microNekton;;;;706;01/07/2025;JLF;
01/06/2050;0;0;current;;;;707;24/10/2024;JLF;
15/06/2050;0;0;chlorophyll;;;;708;02/04/2025;JLF;
20/06/2050;0;0;microNekton;;;;708;01/07/2025;JLF;
01/07/2050;0;0;current;;;;709;24/10/2024;JLF;
14/07/2050;0;0;compute_energy;;;;118;03/04/2025;JLF;
15/07/2050;0;0;chlorophyll;;;;710;02/04/2025;JLF;
20/07/2050;0;0;microNekton;;;;710;01/07/2025;JLF;
01/08/2050;0;0;current;;;;711;24/10/2024;JLF;
15/08/2050;0;0;chlorophyll;;;;712;02/04/2025;JLF;
20/08/2050;0;0;microNekton;;;;712;01/07/2025;JLF;
01/09/2050;0;0;current;;;;713;24/10/2024;JLF;
15/09/2050;0;0;chlorophyll;;;;714;02/04/2025;JLF;
20/09/2050;0;0;microNekton;;;;714;01/07/2025;JLF;
01/10/2050;0;0;current;;;;715;24/10/2024;JLF;
14/10/2050;0;0;compute_energy;;;;119;03/04/2025;JLF;
15/10/2050;0;0;chlorophyll;;;;716;02/04/2025;JLF;
20/10/2050;0;0;microNekton;;;;716;01/07/2025;JLF;
01/11/2050;0;0;current;;;;717;24/10/2024;JLF;
15/11/2050;0;0;chlorophyll;;;;718;02/04/2025;JLF;
20/11/2050;0;0;microNekton;;;;718;01/07/2025;JLF;
01/12/2050;0;0;current;;;;719;24/10/2024;JLF;
15/12/2050;0;0;chlorophyll;;;;720;02/04/2025;JLF;
20/12/2050;0;0;microNekton;;;;720;01/07/2025;JLF;
01/01/2051;0;0;current;;;;721;24/10/2024;JLF;
14/01/2051;0;0;compute_energy;;;;120;03/04/2025;JLF;
15/01/2051;0;0;chlorophyll;;;;722;02/04/2025;JLF;
20/01/2051;0;0;microNekton;;;;722;01/07/2025;JLF;
01/02/2051;0;0;current;;;;723;24/10/2024;JLF;
15/02/2051;0;0;chlorophyll;;;;724;02/04/2025;JLF;
20/02/2051;0;0;microNekton;;;;724;01/07/2025;JLF;
01/03/2051;0;0;current;;;;725;24/10/2024;JLF;
15/03/2051;0;0;chlorophyll;;;;726;02/04/2025;JLF;
20/03/2051;0;0;microNekton;;;;726;01/07/2025;JLF;
01/04/2051;0;0;current;;;;727;24/10/2024;JLF;
14/04/2051;0;0;compute_energy;;;;121;03/04/2025;JLF;
15/04/2051;0;0;chlorophyll;;;;728;02/04/2025;JLF;
20/04/2051;0;0;microNekton;;;;728;01/07/2025;JLF;
01/05/2051;0;0;current;;;;729;24/10/2024;JLF;
15/05/2051;0;0;chlorophyll;;;;730;02/04/2025;JLF;
20/05/2051;0;0;microNekton;;;;730;01/07/2025;JLF;
01/06/2051;0;0;current;;;;731;24/10/2024;JLF;
15/06/2051;0;0;chlorophyll;;;;732;02/04/2025;JLF;
20/06/2051;0;0;microNekton;;;;732;01/07/2025;JLF;
01/07/2051;0;0;current;;;;733;24/10/2024;JLF;
14/07/2051;0;0;compute_energy;;;;122;03/04/2025;JLF;
15/07/2051;0;0;chlorophyll;;;;734;02/04/2025;JLF;
20/07/2051;0;0;microNekton;;;;734;01/07/2025;JLF;
01/08/2051;0;0;current;;;;735;24/10/2024;JLF;
15/08/2051;0;0;chlorophyll;;;;736;02/04/2025;JLF;
20/08/2051;0;0;microNekton;;;;736;01/07/2025;JLF;
01/09/2051;0;0;current;;;;737;24/10/2024;JLF;
15/09/2051;0;0;chlorophyll;;;;738;02/04/2025;JLF;
20/09/2051;0;0;microNekton;;;;738;01/07/2025;JLF;
01/10/2051;0;0;current;;;;739;24/10/2024;JLF;
14/10/2051;0;0;compute_energy;;;;123;03/04/2025;JLF;
15/10/2051;0;0;chlorophyll;;;;740;02/04/2025;JLF;
20/10/2051;0;0;microNekton;;;;740;01/07/2025;JLF;
01/11/2051;0;0;current;;;;741;24/10/2024;JLF;
15/11/2051;0;0;chlorophyll;;;;742;02/04/2025;JLF;
20/11/2051;0;0;microNekton;;;;742;01/07/2025;JLF;
01/12/2051;0;0;current;;;;743;24/10/2024;JLF;
15/12/2051;0;0;chlorophyll;;;;744;02/04/2025;JLF;
20/12/2051;0;0;microNekton;;;;744;01/07/2025;JLF;
01/01/2052;0;0;current;;;;745;24/10/2024;JLF;
14/01/2052;0;0;compute_energy;;;;124;03/04/2025;JLF;
15/01/2052;0;0;chlorophyll;;;;746;02/04/2025;JLF;
20/01/2052;0;0;microNekton;;;;746;01/07/2025;JLF;
01/02/2052;0;0;current;;;;747;24/10/2024;JLF;
15/02/2052;0;0;chlorophyll;;;;748;02/04/2025;JLF;
20/02/2052;0;0;microNekton;;;;748;01/07/2025;JLF;
01/03/2052;0;0;current;;;;749;24/10/2024;JLF;
15/03/2052;0;0;chlorophyll;;;;750;02/04/2025;JLF;
20/03/2052;0;0;microNekton;;;;750;01/07/2025;JLF;
01/04/2052;0;0;current;;;;751;24/10/2024;JLF;
14/04/2052;0;0;compute_energy;;;;125;03/04/2025;JLF;
15/04/2052;0;0;chlorophyll;;;;752;02/04/2025;JLF;
20/04/2052;0;0;microNekton;;;;752;01/07/2025;JLF;
01/05/2052;0;0;current;;;;753;24/10/2024;JLF;
15/05/2052;0;0;chlorophyll;;;;754;02/04/2025;JLF;
20/05/2052;0;0;microNekton;;;;754;01/07/2025;JLF;
01/06/2052;0;0;current;;;;755;24/10/2024;JLF;
15/06/2052;0;0;chlorophyll;;;;756;02/04/2025;JLF;
20/06/2052;0;0;microNekton;;;;756;01/07/2025;JLF;
01/07/2052;0;0;current;;;;757;24/10/2024;JLF;
14/07/2052;0;0;compute_energy;;;;126;03/04/2025;JLF;
15/07/2052;0;0;chlorophyll;;;;758;02/04/2025;JLF;
20/07/2052;0;0;microNekton;;;;758;01/07/2025;JLF;
01/08/2052;0;0;current;;;;759;24/10/2024;JLF;
15/08/2052;0;0;chlorophyll;;;;760;02/04/2025;JLF;
20/08/2052;0;0;microNekton;;;;760;01/07/2025;JLF;
01/09/2052;0;0;current;;;;761;24/10/2024;JLF;
15/09/2052;0;0;chlorophyll;;;;762;02/04/2025;JLF;
20/09/2052;0;0;microNekton;;;;762;01/07/2025;JLF;
01/10/2052;0;0;current;;;;763;24/10/2024;JLF;
14/10/2052;0;0;compute_energy;;;;127;03/04/2025;JLF;
15/10/2052;0;0;chlorophyll;;;;764;02/04/2025;JLF;
20/10/2052;0;0;microNekton;;;;764;01/07/2025;JLF;
01/11/2052;0;0;current;;;;765;24/10/2024;JLF;
15/11/2052;0;0;chlorophyll;;;;766;02/04/2025;JLF;
20/11/2052;0;0;microNekton;;;;766;01/07/2025;JLF;
01/12/2052;0;0;current;;;;767;24/10/2024;JLF;
15/12/2052;0;0;chlorophyll;;;;768;02/04/2025;JLF;
20/12/2052;0;0;microNekton;;;;768;01/07/2025;JLF;
01/01/2053;0;0;current;;;;769;24/10/2024;JLF;
14/01/2053;0;0;compute_energy;;;;128;03/04/2025;JLF;
15/01/2053;0;0;chlorophyll;;;;770;02/04/2025;JLF;
20/01/2053;0;0;microNekton;;;;770;01/07/2025;JLF;
01/02/2053;0;0;current;;;;771;24/10/2024;JLF;
15/02/2053;0;0;chlorophyll;;;;772;02/04/2025;JLF;
20/02/2053;0;0;microNekton;;;;772;01/07/2025;JLF;
01/03/2053;0;0;current;;;;773;24/10/2024;JLF;
15/03/2053;0;0;chlorophyll;;;;774;02/04/2025;JLF;
20/03/2053;0;0;microNekton;;;;774;01/07/2025;JLF;
01/04/2053;0;0;current;;;;775;24/10/2024;JLF;
14/04/2053;0;0;compute_energy;;;;129;03/04/2025;JLF;
15/04/2053;0;0;chlorophyll;;;;776;02/04/2025;JLF;
20/04/2053;0;0;microNekton;;;;776;01/07/2025;JLF;
01/05/2053;0;0;current;;;;777;24/10/2024;JLF;
15/05/2053;0;0;chlorophyll;;;;778;02/04/2025;JLF;
20/05/2053;0;0;microNekton;;;;778;01/07/2025;JLF;
01/06/2053;0;0;current;;;;779;24/10/2024;JLF;
15/06/2053;0;0;chlorophyll;;;;780;02/04/2025;JLF;
20/06/2053;0;0;microNekton;;;;780;01/07/2025;JLF;
01/07/2053;0;0;current;;;;781;24/10/2024;JLF;
14/07/2053;0;0;compute_energy;;;;130;03/04/2025;JLF;
15/07/2053;0;0;chlorophyll;;;;782;02/04/2025;JLF;
20/07/2053;0;0;microNekton;;;;782;01/07/2025;JLF;
01/08/2053;0;0;current;;;;783;24/10/2024;JLF;
15/08/2053;0;0;chlorophyll;;;;784;02/04/2025;JLF;
20/08/2053;0;0;microNekton;;;;784;01/07/2025;JLF;
01/09/2053;0;0;current;;;;785;24/10/2024;JLF;
15/09/2053;0;0;chlorophyll;;;;786;02/04/2025;JLF;
20/09/2053;0;0;microNekton;;;;786;01/07/2025;JLF;
01/10/2053;0;0;current;;;;787;24/10/2024;JLF;
14/10/2053;0;0;compute_energy;;;;131;03/04/2025;JLF;
15/10/2053;0;0;chlorophyll;;;;788;02/04/2025;JLF;
20/10/2053;0;0;microNekton;;;;788;01/07/2025;JLF;
01/11/2053;0;0;current;;;;789;24/10/2024;JLF;
15/11/2053;0;0;chlorophyll;;;;790;02/04/2025;JLF;
20/11/2053;0;0;microNekton;;;;790;01/07/2025;JLF;
01/12/2053;0;0;current;;;;791;24/10/2024;JLF;
15/12/2053;0;0;chlorophyll;;;;792;02/04/2025;JLF;
20/12/2053;0;0;microNekton;;;;792;01/07/2025;JLF;
01/01/2054;0;0;current;;;;793;24/10/2024;JLF;
14/01/2054;0;0;compute_energy;;;;132;03/04/2025;JLF;
15/01/2054;0;0;chlorophyll;;;;794;02/04/2025;JLF;
20/01/2054;0;0;microNekton;;;;794;01/07/2025;JLF;
01/02/2054;0;0;current;;;;795;24/10/2024;JLF;
15/02/2054;0;0;chlorophyll;;;;796;02/04/2025;JLF;
20/02/2054;0;0;microNekton;;;;796;01/07/2025;JLF;
01/03/2054;0;0;current;;;;797;24/10/2024;JLF;
15/03/2054;0;0;chlorophyll;;;;798;02/04/2025;JLF;
20/03/2054;0;0;microNekton;;;;798;01/07/2025;JLF;
01/04/2054;0;0;current;;;;799;24/10/2024;JLF;
14/04/2054;0;0;compute_energy;;;;133;03/04/2025;JLF;
15/04/2054;0;0;chlorophyll;;;;800;02/04/2025;JLF;
20/04/2054;0;0;microNekton;;;;800;01/07/2025;JLF;
01/05/2054;0;0;current;;;;801;24/10/2024;JLF;
15/05/2054;0;0;chlorophyll;;;;802;02/04/2025;JLF;
20/05/2054;0;0;microNekton;;;;802;01/07/2025;JLF;
01/06/2054;0;0;current;;;;803;24/10/2024;JLF;
15/06/2054;0;0;chlorophyll;;;;804;02/04/2025;JLF;
20/06/2054;0;0;microNekton;;;;804;01/07/2025;JLF;
01/07/2054;0;0;current;;;;805;24/10/2024;JLF;
14/07/2054;0;0;compute_energy;;;;134;03/04/2025;JLF;
15/07/2054;0;0;chlorophyll;;;;806;02/04/2025;JLF;
20/07/2054;0;0;microNekton;;;;806;01/07/2025;JLF;
01/08/2054;0;0;current;;;;807;24/10/2024;JLF;
15/08/2054;0;0;chlorophyll;;;;808;02/04/2025;JLF;
20/08/2054;0;0;microNekton;;;;808;01/07/2025;JLF;
01/09/2054;0;0;current;;;;809;24/10/2024;JLF;
15/09/2054;0;0;chlorophyll;;;;810;02/04/2025;JLF;
20/09/2054;0;0;microNekton;;;;810;01/07/2025;JLF;
01/10/2054;0;0;current;;;;811;24/10/2024;JLF;
14/10/2054;0;0;compute_energy;;;;135;03/04/2025;JLF;
15/10/2054;0;0;chlorophyll;;;;812;02/04/2025;JLF;
20/10/2054;0;0;microNekton;;;;812;01/07/2025;JLF;
01/11/2054;0;0;current;;;;813;24/10/2024;JLF;
15/11/2054;0;0;chlorophyll;;;;814;02/04/2025;JLF;
20/11/2054;0;0;microNekton;;;;814;01/07/2025;JLF;
01/12/2054;0;0;current;;;;815;24/10/2024;JLF;
15/12/2054;0;0;chlorophyll;;;;816;02/04/2025;JLF;
20/12/2054;0;0;microNekton;;;;816;01/07/2025;JLF;
01/01/2055;0;0;current;;;;817;24/10/2024;JLF;
14/01/2055;0;0;compute_energy;;;;136;03/04/2025;JLF;
15/01/2055;0;0;chlorophyll;;;;818;02/04/2025;JLF;
20/01/2055;0;0;microNekton;;;;818;01/07/2025;JLF;
01/02/2055;0;0;current;;;;819;24/10/2024;JLF;
15/02/2055;0;0;chlorophyll;;;;820;02/04/2025;JLF;
20/02/2055;0;0;microNekton;;;;820;01/07/2025;JLF;
01/03/2055;0;0;current;;;;821;24/10/2024;JLF;
15/03/2055;0;0;chlorophyll;;;;822;02/04/2025;JLF;
20/03/2055;0;0;microNekton;;;;822;01/07/2025;JLF;
01/04/2055;0;0;current;;;;823;24/10/2024;JLF;
14/04/2055;0;0;compute_energy;;;;137;03/04/2025;JLF;
15/04/2055;0;0;chlorophyll;;;;824;02/04/2025;JLF;
20/04/2055;0;0;microNekton;;;;824;01/07/2025;JLF;
01/05/2055;0;0;current;;;;825;24/10/2024;JLF;
15/05/2055;0;0;chlorophyll;;;;826;02/04/2025;JLF;
20/05/2055;0;0;microNekton;;;;826;01/07/2025;JLF;
01/06/2055;0;0;current;;;;827;24/10/2024;JLF;
15/06/2055;0;0;chlorophyll;;;;828;02/04/2025;JLF;
20/06/2055;0;0;microNekton;;;;828;01/07/2025;JLF;
01/07/2055;0;0;current;;;;829;24/10/2024;JLF;
14/07/2055;0;0;compute_energy;;;;138;03/04/2025;JLF;
15/07/2055;0;0;chlorophyll;;;;830;02/04/2025;JLF;
20/07/2055;0;0;microNekton;;;;830;01/07/2025;JLF;
01/08/2055;0;0;current;;;;831;24/10/2024;JLF;
15/08/2055;0;0;chlorophyll;;;;832;02/04/2025;JLF;
20/08/2055;0;0;microNekton;;;;832;01/07/2025;JLF;
01/09/2055;0;0;current;;;;833;24/10/2024;JLF;
15/09/2055;0;0;chlorophyll;;;;834;02/04/2025;JLF;
20/09/2055;0;0;microNekton;;;;834;01/07/2025;JLF;
01/10/2055;0;0;current;;;;835;24/10/2024;JLF;
14/10/2055;0;0;compute_energy;;;;139;03/04/2025;JLF;
15/10/2055;0;0;chlorophyll;;;;836;02/04/2025;JLF;
20/10/2055;0;0;microNekton;;;;836;01/07/2025;JLF;
01/11/2055;0;0;current;;;;837;24/10/2024;JLF;
15/11/2055;0;0;chlorophyll;;;;838;02/04/2025;JLF;
20/11/2055;0;0;microNekton;;;;838;01/07/2025;JLF;
01/12/2055;0;0;current;;;;839;24/10/2024;JLF;
15/12/2055;0;0;chlorophyll;;;;840;02/04/2025;JLF;
20/12/2055;0;0;microNekton;;;;840;01/07/2025;JLF;
01/01/2056;0;0;current;;;;841;24/10/2024;JLF;
14/01/2056;0;0;compute_energy;;;;140;03/04/2025;JLF;
15/01/2056;0;0;chlorophyll;;;;842;02/04/2025;JLF;
20/01/2056;0;0;microNekton;;;;842;01/07/2025;JLF;
01/02/2056;0;0;current;;;;843;24/10/2024;JLF;
15/02/2056;0;0;chlorophyll;;;;844;02/04/2025;JLF;
20/02/2056;0;0;microNekton;;;;844;01/07/2025;JLF;
01/03/2056;0;0;current;;;;845;24/10/2024;JLF;
15/03/2056;0;0;chlorophyll;;;;846;02/04/2025;JLF;
20/03/2056;0;0;microNekton;;;;846;01/07/2025;JLF;
01/04/2056;0;0;current;;;;847;24/10/2024;JLF;
14/04/2056;0;0;compute_energy;;;;141;03/04/2025;JLF;
15/04/2056;0;0;chlorophyll;;;;848;02/04/2025;JLF;
20/04/2056;0;0;microNekton;;;;848;01/07/2025;JLF;
01/05/2056;0;0;current;;;;849;24/10/2024;JLF;
15/05/2056;0;0;chlorophyll;;;;850;02/04/2025;JLF;
20/05/2056;0;0;microNekton;;;;850;01/07/2025;JLF;
01/06/2056;0;0;current;;;;851;24/10/2024;JLF;
15/06/2056;0;0;chlorophyll;;;;852;02/04/2025;JLF;
20/06/2056;0;0;microNekton;;;;852;01/07/2025;JLF;
01/07/2056;0;0;current;;;;853;24/10/2024;JLF;
14/07/2056;0;0;compute_energy;;;;142;03/04/2025;JLF;
15/07/2056;0;0;chlorophyll;;;;854;02/04/2025;JLF;
20/07/2056;0;0;microNekton;;;;854;01/07/2025;JLF;
01/08/2056;0;0;current;;;;855;24/10/2024;JLF;
15/08/2056;0;0;chlorophyll;;;;856;02/04/2025;JLF;
20/08/2056;0;0;microNekton;;;;856;01/07/2025;JLF;
01/09/2056;0;0;current;;;;857;24/10/2024;JLF;
15/09/2056;0;0;chlorophyll;;;;858;02/04/2025;JLF;
20/09/2056;0;0;microNekton;;;;858;01/07/2025;JLF;
01/10/2056;0;0;current;;;;859;24/10/2024;JLF;
14/10/2056;0;0;compute_energy;;;;143;03/04/2025;JLF;
15/10/2056;0;0;chlorophyll;;;;860;02/04/2025;JLF;
20/10/2056;0;0;microNekton;;;;860;01/07/2025;JLF;
01/11/2056;0;0;current;;;;861;24/10/2024;JLF;
15/11/2056;0;0;chlorophyll;;;;862;02/04/2025;JLF;
20/11/2056;0;0;microNekton;;;;862;01/07/2025;JLF;
01/12/2056;0;0;current;;;;863;24/10/2024;JLF;
15/12/2056;0;0;chlorophyll;;;;864;02/04/2025;JLF;
20/12/2056;0;0;microNekton;;;;864;01/07/2025;JLF;
01/01/2057;0;0;current;;;;865;24/10/2024;JLF;
14/01/2057;0;0;compute_energy;;;;144;03/04/2025;JLF;
15/01/2057;0;0;chlorophyll;;;;866;02/04/2025;JLF;
20/01/2057;0;0;microNekton;;;;866;01/07/2025;JLF;
01/02/2057;0;0;current;;;;867;24/10/2024;JLF;
15/02/2057;0;0;chlorophyll;;;;868;02/04/2025;JLF;
20/02/2057;0;0;microNekton;;;;868;01/07/2025;JLF;
01/03/2057;0;0;current;;;;869;24/10/2024;JLF;
15/03/2057;0;0;chlorophyll;;;;870;02/04/2025;JLF;
20/03/2057;0;0;microNekton;;;;870;01/07/2025;JLF;
01/04/2057;0;0;current;;;;871;24/10/2024;JLF;
14/04/2057;0;0;compute_energy;;;;145;03/04/2025;JLF;
15/04/2057;0;0;chlorophyll;;;;872;02/04/2025;JLF;
20/04/2057;0;0;microNekton;;;;872;01/07/2025;JLF;
01/05/2057;0;0;current;;;;873;24/10/2024;JLF;
15/05/2057;0;0;chlorophyll;;;;874;02/04/2025;JLF;
20/05/2057;0;0;microNekton;;;;874;01/07/2025;JLF;
01/06/2057;0;0;current;;;;875;24/10/2024;JLF;
15/06/2057;0;0;chlorophyll;;;;876;02/04/2025;JLF;
20/06/2057;0;0;microNekton;;;;876;01/07/2025;JLF;
01/07/2057;0;0;current;;;;877;24/10/2024;JLF;
14/07/2057;0;0;compute_energy;;;;146;03/04/2025;JLF;
15/07/2057;0;0;chlorophyll;;;;878;02/04/2025;JLF;
20/07/2057;0;0;microNekton;;;;878;01/07/2025;JLF;
01/08/2057;0;0;current;;;;879;24/10/2024;JLF;
15/08/2057;0;0;chlorophyll;;;;880;02/04/2025;JLF;
20/08/2057;0;0;microNekton;;;;880;01/07/2025;JLF;
01/09/2057;0;0;current;;;;881;24/10/2024;JLF;
15/09/2057;0;0;chlorophyll;;;;882;02/04/2025;JLF;
20/09/2057;0;0;microNekton;;;;882;01/07/2025;JLF;
01/10/2057;0;0;current;;;;883;24/10/2024;JLF;
14/10/2057;0;0;compute_energy;;;;147;03/04/2025;JLF;
15/10/2057;0;0;chlorophyll;;;;884;02/04/2025;JLF;
20/10/2057;0;0;microNekton;;;;884;01/07/2025;JLF;
01/11/2057;0;0;current;;;;885;24/10/2024;JLF;
15/11/2057;0;0;chlorophyll;;;;886;02/04/2025;JLF;
20/11/2057;0;0;microNekton;;;;886;01/07/2025;JLF;
01/12/2057;0;0;current;;;;887;24/10/2024;JLF;
15/12/2057;0;0;chlorophyll;;;;888;02/04/2025;JLF;
20/12/2057;0;0;microNekton;;;;888;01/07/2025;JLF;
01/01/2058;0;0;current;;;;889;24/10/2024;JLF;
14/01/2058;0;0;compute_energy;;;;148;03/04/2025;JLF;
15/01/2058;0;0;chlorophyll;;;;890;02/04/2025;JLF;
20/01/2058;0;0;microNekton;;;;890;01/07/2025;JLF;
01/02/2058;0;0;current;;;;891;24/10/2024;JLF;
15/02/2058;0;0;chlorophyll;;;;892;02/04/2025;JLF;
20/02/2058;0;0;microNekton;;;;892;01/07/2025;JLF;
01/03/2058;0;0;current;;;;893;24/10/2024;JLF;
15/03/2058;0;0;chlorophyll;;;;894;02/04/2025;JLF;
20/03/2058;0;0;microNekton;;;;894;01/07/2025;JLF;
01/04/2058;0;0;current;;;;895;24/10/2024;JLF;
14/04/2058;0;0;compute_energy;;;;149;03/04/2025;JLF;
15/04/2058;0;0;chlorophyll;;;;896;02/04/2025;JLF;
20/04/2058;0;0;microNekton;;;;896;01/07/2025;JLF;
01/05/2058;0;0;current;;;;897;24/10/2024;JLF;
15/05/2058;0;0;chlorophyll;;;;898;02/04/2025;JLF;
20/05/2058;0;0;microNekton;;;;898;01/07/2025;JLF;
01/06/2058;0;0;current;;;;899;24/10/2024;JLF;
15/06/2058;0;0;chlorophyll;;;;900;02/04/2025;JLF;
20/06/2058;0;0;microNekton;;;;900;01/07/2025;JLF;
01/07/2058;0;0;current;;;;901;24/10/2024;JLF;
14/07/2058;0;0;compute_energy;;;;150;03/04/2025;JLF;
15/07/2058;0;0;chlorophyll;;;;902;02/04/2025;JLF;
20/07/2058;0;0;microNekton;;;;902;01/07/2025;JLF;
01/08/2058;0;0;current;;;;903;24/10/2024;JLF;
15/08/2058;0;0;chlorophyll;;;;904;02/04/2025;JLF;
20/08/2058;0;0;microNekton;;;;904;01/07/2025;JLF;
01/09/2058;0;0;current;;;;905;24/10/2024;JLF;
15/09/2058;0;0;chlorophyll;;;;906;02/04/2025;JLF;
20/09/2058;0;0;microNekton;;;;906;01/07/2025;JLF;
01/10/2058;0;0;current;;;;907;24/10/2024;JLF;
14/10/2058;0;0;compute_energy;;;;151;03/04/2025;JLF;
15/10/2058;0;0;chlorophyll;;;;908;02/04/2025;JLF;
20/10/2058;0;0;microNekton;;;;908;01/07/2025;JLF;
01/11/2058;0;0;current;;;;909;24/10/2024;JLF;
15/11/2058;0;0;chlorophyll;;;;910;02/04/2025;JLF;
20/11/2058;0;0;microNekton;;;;910;01/07/2025;JLF;
01/12/2058;0;0;current;;;;911;24/10/2024;JLF;
15/12/2058;0;0;chlorophyll;;;;912;02/04/2025;JLF;
20/12/2058;0;0;microNekton;;;;912;01/07/2025;JLF;
01/01/2059;0;0;current;;;;913;24/10/2024;JLF;
14/01/2059;0;0;compute_energy;;;;152;03/04/2025;JLF;
15/01/2059;0;0;chlorophyll;;;;914;02/04/2025;JLF;
20/01/2059;0;0;microNekton;;;;914;01/07/2025;JLF;
01/02/2059;0;0;current;;;;915;24/10/2024;JLF;
15/02/2059;0;0;chlorophyll;;;;916;02/04/2025;JLF;
20/02/2059;0;0;microNekton;;;;916;01/07/2025;JLF;
01/03/2059;0;0;current;;;;917;24/10/2024;JLF;
15/03/2059;0;0;chlorophyll;;;;918;02/04/2025;JLF;
20/03/2059;0;0;microNekton;;;;918;01/07/2025;JLF;
01/04/2059;0;0;current;;;;919;24/10/2024;JLF;
14/04/2059;0;0;compute_energy;;;;153;03/04/2025;JLF;
15/04/2059;0;0;chlorophyll;;;;920;02/04/2025;JLF;
20/04/2059;0;0;microNekton;;;;920;01/07/2025;JLF;
01/05/2059;0;0;current;;;;921;24/10/2024;JLF;
15/05/2059;0;0;chlorophyll;;;;922;02/04/2025;JLF;
20/05/2059;0;0;microNekton;;;;922;01/07/2025;JLF;
01/06/2059;0;0;current;;;;923;24/10/2024;JLF;
15/06/2059;0;0;chlorophyll;;;;924;02/04/2025;JLF;
20/06/2059;0;0;microNekton;;;;924;01/07/2025;JLF;
01/07/2059;0;0;current;;;;925;24/10/2024;JLF;
14/07/2059;0;0;compute_energy;;;;154;03/04/2025;JLF;
15/07/2059;0;0;chlorophyll;;;;926;02/04/2025;JLF;
20/07/2059;0;0;microNekton;;;;926;01/07/2025;JLF;
01/08/2059;0;0;current;;;;927;24/10/2024;JLF;
15/08/2059;0;0;chlorophyll;;;;928;02/04/2025;JLF;
20/08/2059;0;0;microNekton;;;;928;01/07/2025;JLF;
01/09/2059;0;0;current;;;;929;24/10/2024;JLF;
15/09/2059;0;0;chlorophyll;;;;930;02/04/2025;JLF;
20/09/2059;0;0;microNekton;;;;930;01/07/2025;JLF;
01/10/2059;0;0;current;;;;931;24/10/2024;JLF;
14/10/2059;0;0;compute_energy;;;;155;03/04/2025;JLF;
15/10/2059;0;0;chlorophyll;;;;932;02/04/2025;JLF;
20/10/2059;0;0;microNekton;;;;932;01/07/2025;JLF;
01/11/2059;0;0;current;;;;933;24/10/2024;JLF;
15/11/2059;0;0;chlorophyll;;;;934;02/04/2025;JLF;
20/11/2059;0;0;microNekton;;;;934;01/07/2025;JLF;
01/12/2059;0;0;current;;;;935;24/10/2024;JLF;
15/12/2059;0;0;chlorophyll;;;;936;02/04/2025;JLF;
20/12/2059;0;0;microNekton;;;;936;01/07/2025;JLF;
01/01/2060;0;0;current;;;;937;24/10/2024;JLF;
14/01/2060;0;0;compute_energy;;;;156;03/04/2025;JLF;
15/01/2060;0;0;chlorophyll;;;;938;02/04/2025;JLF;
20/01/2060;0;0;microNekton;;;;938;01/07/2025;JLF;
01/02/2060;0;0;current;;;;939;24/10/2024;JLF;
15/02/2060;0;0;chlorophyll;;;;940;02/04/2025;JLF;
20/02/2060;0;0;microNekton;;;;940;01/07/2025;JLF;
01/03/2060;0;0;current;;;;941;24/10/2024;JLF;
15/03/2060;0;0;chlorophyll;;;;942;02/04/2025;JLF;
20/03/2060;0;0;microNekton;;;;942;01/07/2025;JLF;
01/04/2060;0;0;current;;;;943;24/10/2024;JLF;
14/04/2060;0;0;compute_energy;;;;157;03/04/2025;JLF;
15/04/2060;0;0;chlorophyll;;;;944;02/04/2025;JLF;
20/04/2060;0;0;microNekton;;;;944;01/07/2025;JLF;
01/05/2060;0;0;current;;;;945;24/10/2024;JLF;
15/05/2060;0;0;chlorophyll;;;;946;02/04/2025;JLF;
20/05/2060;0;0;microNekton;;;;946;01/07/2025;JLF;
01/06/2060;0;0;current;;;;947;24/10/2024;JLF;
15/06/2060;0;0;chlorophyll;;;;948;02/04/2025;JLF;
20/06/2060;0;0;microNekton;;;;948;01/07/2025;JLF;
01/07/2060;0;0;current;;;;949;24/10/2024;JLF;
14/07/2060;0;0;compute_energy;;;;158;03/04/2025;JLF;
15/07/2060;0;0;chlorophyll;;;;950;02/04/2025;JLF;
20/07/2060;0;0;microNekton;;;;950;01/07/2025;JLF;
01/08/2060;0;0;current;;;;951;24/10/2024;JLF;
15/08/2060;0;0;chlorophyll;;;;952;02/04/2025;JLF;
20/08/2060;0;0;microNekton;;;;952;01/07/2025;JLF;
01/09/2060;0;0;current;;;;953;24/10/2024;JLF;
15/09/2060;0;0;chlorophyll;;;;954;02/04/2025;JLF;
20/09/2060;0;0;microNekton;;;;954;01/07/2025;JLF;
01/10/2060;0;0;current;;;;955;24/10/2024;JLF;
14/10/2060;0;0;compute_energy;;;;159;03/04/2025;JLF;
15/10/2060;0;0;chlorophyll;;;;956;02/04/2025;JLF;
20/10/2060;0;0;microNekton;;;;956;01/07/2025;JLF;
01/11/2060;0;0;current;;;;957;24/10/2024;JLF;
15/11/2060;0;0;chlorophyll;;;;958;02/04/2025;JLF;
20/11/2060;0;0;microNekton;;;;958;01/07/2025;JLF;
01/12/2060;0;0;current;;;;959;24/10/2024;JLF;
15/12/2060;0;0;chlorophyll;;;;960;02/04/2025;JLF;
20/12/2060;0;0;microNekton;;;;960;01/07/2025;JLF;
01/01/2061;0;0;current;;;;961;24/10/2024;JLF;
14/01/2061;0;0;compute_energy;;;;160;03/04/2025;JLF;
15/01/2061;0;0;chlorophyll;;;;962;02/04/2025;JLF;
20/01/2061;0;0;microNekton;;;;962;01/07/2025;JLF;
01/02/2061;0;0;current;;;;963;24/10/2024;JLF;
15/02/2061;0;0;chlorophyll;;;;964;02/04/2025;JLF;
20/02/2061;0;0;microNekton;;;;964;01/07/2025;JLF;
01/03/2061;0;0;current;;;;965;24/10/2024;JLF;
15/03/2061;0;0;chlorophyll;;;;966;02/04/2025;JLF;
20/03/2061;0;0;microNekton;;;;966;01/07/2025;JLF;
01/04/2061;0;0;current;;;;967;24/10/2024;JLF;
14/04/2061;0;0;compute_energy;;;;161;03/04/2025;JLF;
15/04/2061;0;0;chlorophyll;;;;968;02/04/2025;JLF;
20/04/2061;0;0;microNekton;;;;968;01/07/2025;JLF;
01/05/2061;0;0;current;;;;969;24/10/2024;JLF;
15/05/2061;0;0;chlorophyll;;;;970;02/04/2025;JLF;
20/05/2061;0;0;microNekton;;;;970;01/07/2025;JLF;
01/06/2061;0;0;current;;;;971;24/10/2024;JLF;
15/06/2061;0;0;chlorophyll;;;;972;02/04/2025;JLF;
20/06/2061;0;0;microNekton;;;;972;01/07/2025;JLF;
01/07/2061;0;0;current;;;;973;24/10/2024;JLF;
14/07/2061;0;0;compute_energy;;;;162;03/04/2025;JLF;
15/07/2061;0;0;chlorophyll;;;;974;02/04/2025;JLF;
20/07/2061;0;0;microNekton;;;;974;01/07/2025;JLF;
01/08/2061;0;0;current;;;;975;24/10/2024;JLF;
15/08/2061;0;0;chlorophyll;;;;976;02/04/2025;JLF;
20/08/2061;0;0;microNekton;;;;976;01/07/2025;JLF;
01/09/2061;0;0;current;;;;977;24/10/2024;JLF;
15/09/2061;0;0;chlorophyll;;;;978;02/04/2025;JLF;
20/09/2061;0;0;microNekton;;;;978;01/07/2025;JLF;
01/10/2061;0;0;current;;;;979;24/10/2024;JLF;
14/10/2061;0;0;compute_energy;;;;163;03/04/2025;JLF;
15/10/2061;0;0;chlorophyll;;;;980;02/04/2025;JLF;
20/10/2061;0;0;microNekton;;;;980;01/07/2025;JLF;
01/11/2061;0;0;current;;;;981;24/10/2024;JLF;
15/11/2061;0;0;chlorophyll;;;;982;02/04/2025;JLF;
20/11/2061;0;0;microNekton;;;;982;01/07/2025;JLF;
01/12/2061;0;0;current;;;;983;24/10/2024;JLF;
15/12/2061;0;0;chlorophyll;;;;984;02/04/2025;JLF;
20/12/2061;0;0;microNekton;;;;984;01/07/2025;JLF;
01/01/2062;0;0;current;;;;985;24/10/2024;JLF;
14/01/2062;0;0;compute_energy;;;;164;03/04/2025;JLF;
15/01/2062;0;0;chlorophyll;;;;986;02/04/2025;JLF;
20/01/2062;0;0;microNekton;;;;986;01/07/2025;JLF;
01/02/2062;0;0;current;;;;987;24/10/2024;JLF;
15/02/2062;0;0;chlorophyll;;;;988;02/04/2025;JLF;
20/02/2062;0;0;microNekton;;;;988;01/07/2025;JLF;
01/03/2062;0;0;current;;;;989;24/10/2024;JLF;
15/03/2062;0;0;chlorophyll;;;;990;02/04/2025;JLF;
20/03/2062;0;0;microNekton;;;;990;01/07/2025;JLF;
01/04/2062;0;0;current;;;;991;24/10/2024;JLF;
14/04/2062;0;0;compute_energy;;;;165;03/04/2025;JLF;
15/04/2062;0;0;chlorophyll;;;;992;02/04/2025;JLF;
20/04/2062;0;0;microNekton;;;;992;01/07/2025;JLF;
01/05/2062;0;0;current;;;;993;24/10/2024;JLF;
15/05/2062;0;0;chlorophyll;;;;994;02/04/2025;JLF;
20/05/2062;0;0;microNekton;;;;994;01/07/2025;JLF;
01/06/2062;0;0;current;;;;995;24/10/2024;JLF;
15/06/2062;0;0;chlorophyll;;;;996;02/04/2025;JLF;
20/06/2062;0;0;microNekton;;;;996;01/07/2025;JLF;
01/07/2062;0;0;current;;;;997;24/10/2024;JLF;
14/07/2062;0;0;compute_energy;;;;166;03/04/2025;JLF;
15/07/2062;0;0;chlorophyll;;;;998;02/04/2025;JLF;
20/07/2062;0;0;microNekton;;;;998;01/07/2025;JLF;
01/08/2062;0;0;current;;;;999;24/10/2024;JLF;
15/08/2062;0;0;chlorophyll;;;;1000;02/04/2025;JLF;
20/08/2062;0;0;microNekton;;;;1000;01/07/2025;JLF;
01/09/2062;0;0;current;;;;1001;24/10/2024;JLF;
15/09/2062;0;0;chlorophyll;;;;1002;02/04/2025;JLF;
20/09/2062;0;0;microNekton;;;;1002;01/07/2025;JLF;
01/10/2062;0;0;current;;;;1003;24/10/2024;JLF;
14/10/2062;0;0;compute_energy;;;;167;03/04/2025;JLF;
15/10/2062;0;0;chlorophyll;;;;1004;02/04/2025;JLF;
20/10/2062;0;0;microNekton;;;;1004;01/07/2025;JLF;
01/11/2062;0;0;current;;;;1005;24/10/2024;JLF;
15/11/2062;0;0;chlorophyll;;;;1006;02/04/2025;JLF;
20/11/2062;0;0;microNekton;;;;1006;01/07/2025;JLF;
01/12/2062;0;0;current;;;;1007;24/10/2024;JLF;
15/12/2062;0;0;chlorophyll;;;;1008;02/04/2025;JLF;
20/12/2062;0;0;microNekton;;;;1008;01/07/2025;JLF;
01/01/2063;0;0;current;;;;1009;24/10/2024;JLF;
14/01/2063;0;0;compute_energy;;;;168;03/04/2025;JLF;
15/01/2063;0;0;chlorophyll;;;;1010;02/04/2025;JLF;
20/01/2063;0;0;microNekton;;;;1010;01/07/2025;JLF;
01/02/2063;0;0;current;;;;1011;24/10/2024;JLF;
15/02/2063;0;0;chlorophyll;;;;1012;02/04/2025;JLF;
20/02/2063;0;0;microNekton;;;;1012;01/07/2025;JLF;
01/03/2063;0;0;current;;;;1013;24/10/2024;JLF;
15/03/2063;0;0;chlorophyll;;;;1014;02/04/2025;JLF;
20/03/2063;0;0;microNekton;;;;1014;01/07/2025;JLF;
01/04/2063;0;0;current;;;;1015;24/10/2024;JLF;
14/04/2063;0;0;compute_energy;;;;169;03/04/2025;JLF;
15/04/2063;0;0;chlorophyll;;;;1016;02/04/2025;JLF;
20/04/2063;0;0;microNekton;;;;1016;01/07/2025;JLF;
01/05/2063;0;0;current;;;;1017;24/10/2024;JLF;
15/05/2063;0;0;chlorophyll;;;;1018;02/04/2025;JLF;
20/05/2063;0;0;microNekton;;;;1018;01/07/2025;JLF;
01/06/2063;0;0;current;;;;1019;24/10/2024;JLF;
15/06/2063;0;0;chlorophyll;;;;1020;02/04/2025;JLF;
20/06/2063;0;0;microNekton;;;;1020;01/07/2025;JLF;
01/07/2063;0;0;current;;;;1021;24/10/2024;JLF;
14/07/2063;0;0;compute_energy;;;;170;03/04/2025;JLF;
15/07/2063;0;0;chlorophyll;;;;1022;02/04/2025;JLF;
20/07/2063;0;0;microNekton;;;;1022;01/07/2025;JLF;
01/08/2063;0;0;current;;;;1023;24/10/2024;JLF;
15/08/2063;0;0;chlorophyll;;;;1024;02/04/2025;JLF;
20/08/2063;0;0;microNekton;;;;1024;01/07/2025;JLF;
01/09/2063;0;0;current;;;;1025;24/10/2024;JLF;
15/09/2063;0;0;chlorophyll;;;;1026;02/04/2025;JLF;
20/09/2063;0;0;microNekton;;;;1026;01/07/2025;JLF;
01/10/2063;0;0;current;;;;1027;24/10/2024;JLF;
14/10/2063;0;0;compute_energy;;;;171;03/04/2025;JLF;
15/10/2063;0;0;chlorophyll;;;;1028;02/04/2025;JLF;
20/10/2063;0;0;microNekton;;;;1028;01/07/2025;JLF;
01/11/2063;0;0;current;;;;1029;24/10/2024;JLF;
15/11/2063;0;0;chlorophyll;;;;1030;02/04/2025;JLF;
20/11/2063;0;0;microNekton;;;;1030;01/07/2025;JLF;
01/12/2063;0;0;current;;;;1031;24/10/2024;JLF;
15/12/2063;0;0;chlorophyll;;;;1032;02/04/2025;JLF;
20/12/2063;0;0;microNekton;;;;1032;01/07/2025;JLF;
01/01/2064;0;0;current;;;;1033;24/10/2024;JLF;
14/01/2064;0;0;compute_energy;;;;172;03/04/2025;JLF;
15/01/2064;0;0;chlorophyll;;;;1034;02/04/2025;JLF;
20/01/2064;0;0;microNekton;;;;1034;01/07/2025;JLF;
01/02/2064;0;0;current;;;;1035;24/10/2024;JLF;
15/02/2064;0;0;chlorophyll;;;;1036;02/04/2025;JLF;
20/02/2064;0;0;microNekton;;;;1036;01/07/2025;JLF;
01/03/2064;0;0;current;;;;1037;24/10/2024;JLF;
15/03/2064;0;0;chlorophyll;;;;1038;02/04/2025;JLF;
20/03/2064;0;0;microNekton;;;;1038;01/07/2025;JLF;
01/04/2064;0;0;current;;;;1039;24/10/2024;JLF;
14/04/2064;0;0;compute_energy;;;;173;03/04/2025;JLF;
15/04/2064;0;0;chlorophyll;;;;1040;02/04/2025;JLF;
20/04/2064;0;0;microNekton;;;;1040;01/07/2025;JLF;
01/05/2064;0;0;current;;;;1041;24/10/2024;JLF;
15/05/2064;0;0;chlorophyll;;;;1042;02/04/2025;JLF;
20/05/2064;0;0;microNekton;;;;1042;01/07/2025;JLF;
01/06/2064;0;0;current;;;;1043;24/10/2024;JLF;
15/06/2064;0;0;chlorophyll;;;;1044;02/04/2025;JLF;
20/06/2064;0;0;microNekton;;;;1044;01/07/2025;JLF;
01/07/2064;0;0;current;;;;1045;24/10/2024;JLF;
14/07/2064;0;0;compute_energy;;;;174;03/04/2025;JLF;
15/07/2064;0;0;chlorophyll;;;;1046;02/04/2025;JLF;
20/07/2064;0;0;microNekton;;;;1046;01/07/2025;JLF;
01/08/2064;0;0;current;;;;1047;24/10/2024;JLF;
15/08/2064;0;0;chlorophyll;;;;1048;02/04/2025;JLF;
20/08/2064;0;0;microNekton;;;;1048;01/07/2025;JLF;
01/09/2064;0;0;current;;;;1049;24/10/2024;JLF;
15/09/2064;0;0;chlorophyll;;;;1050;02/04/2025;JLF;
20/09/2064;0;0;microNekton;;;;1050;01/07/2025;JLF;
01/10/2064;0;0;current;;;;1051;24/10/2024;JLF;
14/10/2064;0;0;compute_energy;;;;175;03/04/2025;JLF;
15/10/2064;0;0;chlorophyll;;;;1052;02/04/2025;JLF;
20/10/2064;0;0;microNekton;;;;1052;01/07/2025;JLF;
01/11/2064;0;0;current;;;;1053;24/10/2024;JLF;
15/11/2064;0;0;chlorophyll;;;;1054;02/04/2025;JLF;
20/11/2064;0;0;microNekton;;;;1054;01/07/2025;JLF;
01/12/2064;0;0;current;;;;1055;24/10/2024;JLF;
15/12/2064;0;0;chlorophyll;;;;1056;02/04/2025;JLF;
20/12/2064;0;0;microNekton;;;;1056;01/07/2025;JLF;
01/01/2065;0;0;current;;;;1057;24/10/2024;JLF;
14/01/2065;0;0;compute_energy;;;;176;03/04/2025;JLF;
15/01/2065;0;0;chlorophyll;;;;1058;02/04/2025;JLF;
20/01/2065;0;0;microNekton;;;;1058;01/07/2025;JLF;
01/02/2065;0;0;current;;;;1059;24/10/2024;JLF;
15/02/2065;0;0;chlorophyll;;;;1060;02/04/2025;JLF;
20/02/2065;0;0;microNekton;;;;1060;01/07/2025;JLF;
01/03/2065;0;0;current;;;;1061;24/10/2024;JLF;
15/03/2065;0;0;chlorophyll;;;;1062;02/04/2025;JLF;
20/03/2065;0;0;microNekton;;;;1062;01/07/2025;JLF;
01/04/2065;0;0;current;;;;1063;24/10/2024;JLF;
14/04/2065;0;0;compute_energy;;;;177;03/04/2025;JLF;
15/04/2065;0;0;chlorophyll;;;;1064;02/04/2025;JLF;
20/04/2065;0;0;microNekton;;;;1064;01/07/2025;JLF;
01/05/2065;0;0;current;;;;1065;24/10/2024;JLF;
15/05/2065;0;0;chlorophyll;;;;1066;02/04/2025;JLF;
20/05/2065;0;0;microNekton;;;;1066;01/07/2025;JLF;
01/06/2065;0;0;current;;;;1067;24/10/2024;JLF;
15/06/2065;0;0;chlorophyll;;;;1068;02/04/2025;JLF;
20/06/2065;0;0;microNekton;;;;1068;01/07/2025;JLF;
01/07/2065;0;0;current;;;;1069;24/10/2024;JLF;
14/07/2065;0;0;compute_energy;;;;178;03/04/2025;JLF;
15/07/2065;0;0;chlorophyll;;;;1070;02/04/2025;JLF;
20/07/2065;0;0;microNekton;;;;1070;01/07/2025;JLF;
01/08/2065;0;0;current;;;;1071;24/10/2024;JLF;
15/08/2065;0;0;chlorophyll;;;;1072;02/04/2025;JLF;
20/08/2065;0;0;microNekton;;;;1072;01/07/2025;JLF;
01/09/2065;0;0;current;;;;1073;24/10/2024;JLF;
15/09/2065;0;0;chlorophyll;;;;1074;02/04/2025;JLF;
20/09/2065;0;0;microNekton;;;;1074;01/07/2025;JLF;
01/10/2065;0;0;current;;;;1075;24/10/2024;JLF;
14/10/2065;0;0;compute_energy;;;;179;03/04/2025;JLF;
15/10/2065;0;0;chlorophyll;;;;1076;02/04/2025;JLF;
20/10/2065;0;0;microNekton;;;;1076;01/07/2025;JLF;
01/11/2065;0;0;current;;;;1077;24/10/2024;JLF;
15/11/2065;0;0;chlorophyll;;;;1078;02/04/2025;JLF;
20/11/2065;0;0;microNekton;;;;1078;01/07/2025;JLF;
01/12/2065;0;0;current;;;;1079;24/10/2024;JLF;
15/12/2065;0;0;chlorophyll;;;;1080;02/04/2025;JLF;
20/12/2065;0;0;microNekton;;;;1080;01/07/2025;JLF;
01/01/2066;0;0;current;;;;1081;24/10/2024;JLF;
14/01/2066;0;0;compute_energy;;;;180;03/04/2025;JLF;
15/01/2066;0;0;chlorophyll;;;;1082;02/04/2025;JLF;
20/01/2066;0;0;microNekton;;;;1082;01/07/2025;JLF;
01/02/2066;0;0;current;;;;1083;24/10/2024;JLF;
15/02/2066;0;0;chlorophyll;;;;1084;02/04/2025;JLF;
20/02/2066;0;0;microNekton;;;;1084;01/07/2025;JLF;
01/03/2066;0;0;current;;;;1085;24/10/2024;JLF;
15/03/2066;0;0;chlorophyll;;;;1086;02/04/2025;JLF;
20/03/2066;0;0;microNekton;;;;1086;01/07/2025;JLF;
01/04/2066;0;0;current;;;;1087;24/10/2024;JLF;
14/04/2066;0;0;compute_energy;;;;181;03/04/2025;JLF;
15/04/2066;0;0;chlorophyll;;;;1088;02/04/2025;JLF;
20/04/2066;0;0;microNekton;;;;1088;01/07/2025;JLF;
01/05/2066;0;0;current;;;;1089;24/10/2024;JLF;
15/05/2066;0;0;chlorophyll;;;;1090;02/04/2025;JLF;
20/05/2066;0;0;microNekton;;;;1090;01/07/2025;JLF;
01/06/2066;0;0;current;;;;1091;24/10/2024;JLF;
15/06/2066;0;0;chlorophyll;;;;1092;02/04/2025;JLF;
20/06/2066;0;0;microNekton;;;;1092;01/07/2025;JLF;
01/07/2066;0;0;current;;;;1093;24/10/2024;JLF;
14/07/2066;0;0;compute_energy;;;;182;03/04/2025;JLF;
15/07/2066;0;0;chlorophyll;;;;1094;02/04/2025;JLF;
20/07/2066;0;0;microNekton;;;;1094;01/07/2025;JLF;
01/08/2066;0;0;current;;;;1095;24/10/2024;JLF;
15/08/2066;0;0;chlorophyll;;;;1096;02/04/2025;JLF;
20/08/2066;0;0;microNekton;;;;1096;01/07/2025;JLF;
01/09/2066;0;0;current;;;;1097;24/10/2024;JLF;
15/09/2066;0;0;chlorophyll;;;;1098;02/04/2025;JLF;
20/09/2066;0;0;microNekton;;;;1098;01/07/2025;JLF;
01/10/2066;0;0;current;;;;1099;24/10/2024;JLF;
14/10/2066;0;0;compute_energy;;;;183;03/04/2025;JLF;
15/10/2066;0;0;chlorophyll;;;;1100;02/04/2025;JLF;
20/10/2066;0;0;microNekton;;;;1100;01/07/2025;JLF;
01/11/2066;0;0;current;;;;1101;24/10/2024;JLF;
15/11/2066;0;0;chlorophyll;;;;1102;02/04/2025;JLF;
20/11/2066;0;0;microNekton;;;;1102;01/07/2025;JLF;
01/12/2066;0;0;current;;;;1103;24/10/2024;JLF;
15/12/2066;0;0;chlorophyll;;;;1104;02/04/2025;JLF;
20/12/2066;0;0;microNekton;;;;1104;01/07/2025;JLF;
01/01/2067;0;0;current;;;;1105;24/10/2024;JLF;
14/01/2067;0;0;compute_energy;;;;184;03/04/2025;JLF;
15/01/2067;0;0;chlorophyll;;;;1106;02/04/2025;JLF;
20/01/2067;0;0;microNekton;;;;1106;01/07/2025;JLF;
01/02/2067;0;0;current;;;;1107;24/10/2024;JLF;
15/02/2067;0;0;chlorophyll;;;;1108;02/04/2025;JLF;
20/02/2067;0;0;microNekton;;;;1108;01/07/2025;JLF;
01/03/2067;0;0;current;;;;1109;24/10/2024;JLF;
15/03/2067;0;0;chlorophyll;;;;1110;02/04/2025;JLF;
20/03/2067;0;0;microNekton;;;;1110;01/07/2025;JLF;
01/04/2067;0;0;current;;;;1111;24/10/2024;JLF;
14/04/2067;0;0;compute_energy;;;;185;03/04/2025;JLF;
15/04/2067;0;0;chlorophyll;;;;1112;02/04/2025;JLF;
20/04/2067;0;0;microNekton;;;;1112;01/07/2025;JLF;
01/05/2067;0;0;current;;;;1113;24/10/2024;JLF;
15/05/2067;0;0;chlorophyll;;;;1114;02/04/2025;JLF;
20/05/2067;0;0;microNekton;;;;1114;01/07/2025;JLF;
01/06/2067;0;0;current;;;;1115;24/10/2024;JLF;
15/06/2067;0;0;chlorophyll;;;;1116;02/04/2025;JLF;
20/06/2067;0;0;microNekton;;;;1116;01/07/2025;JLF;
01/07/2067;0;0;current;;;;1117;24/10/2024;JLF;
14/07/2067;0;0;compute_energy;;;;186;03/04/2025;JLF;
15/07/2067;0;0;chlorophyll;;;;1118;02/04/2025;JLF;
20/07/2067;0;0;microNekton;;;;1118;01/07/2025;JLF;
01/08/2067;0;0;current;;;;1119;24/10/2024;JLF;
15/08/2067;0;0;chlorophyll;;;;1120;02/04/2025;JLF;
20/08/2067;0;0;microNekton;;;;1120;01/07/2025;JLF;
01/09/2067;0;0;current;;;;1121;24/10/2024;JLF;
15/09/2067;0;0;chlorophyll;;;;1122;02/04/2025;JLF;
20/09/2067;0;0;microNekton;;;;1122;01/07/2025;JLF;
01/10/2067;0;0;current;;;;1123;24/10/2024;JLF;
14/10/2067;0;0;compute_energy;;;;187;03/04/2025;JLF;
15/10/2067;0;0;chlorophyll;;;;1124;02/04/2025;JLF;
20/10/2067;0;0;microNekton;;;;1124;01/07/2025;JLF;
01/11/2067;0;0;current;;;;1125;24/10/2024;JLF;
15/11/2067;0;0;chlorophyll;;;;1126;02/04/2025;JLF;
20/11/2067;0;0;microNekton;;;;1126;01/07/2025;JLF;
01/12/2067;0;0;current;;;;1127;24/10/2024;JLF;
15/12/2067;0;0;chlorophyll;;;;1128;02/04/2025;JLF;
20/12/2067;0;0;microNekton;;;;1128;01/07/2025;JLF;
01/01/2068;0;0;current;;;;1129;24/10/2024;JLF;
14/01/2068;0;0;compute_energy;;;;188;03/04/2025;JLF;
15/01/2068;0;0;chlorophyll;;;;1130;02/04/2025;JLF;
20/01/2068;0;0;microNekton;;;;1130;01/07/2025;JLF;
01/02/2068;0;0;current;;;;1131;24/10/2024;JLF;
15/02/2068;0;0;chlorophyll;;;;1132;02/04/2025;JLF;
20/02/2068;0;0;microNekton;;;;1132;01/07/2025;JLF;
01/03/2068;0;0;current;;;;1133;24/10/2024;JLF;
15/03/2068;0;0;chlorophyll;;;;1134;02/04/2025;JLF;
20/03/2068;0;0;microNekton;;;;1134;01/07/2025;JLF;
01/04/2068;0;0;current;;;;1135;24/10/2024;JLF;
14/04/2068;0;0;compute_energy;;;;189;03/04/2025;JLF;
15/04/2068;0;0;chlorophyll;;;;1136;02/04/2025;JLF;
20/04/2068;0;0;microNekton;;;;1136;01/07/2025;JLF;
14/07/2068;0;0;compute_energy;;;;190;03/04/2025;JLF;
14/10/2068;0;0;compute_energy;;;;191;03/04/2025;JLF;
